[2026-03-08T12:12:40.641+0000] {processor.py:157} INFO - Started process (PID=163) to work on /opt/airflow/dags/analytics_marts.py
[2026-03-08T12:12:40.657+0000] {processor.py:829} INFO - Processing file /opt/airflow/dags/analytics_marts.py for tasks to queue
[2026-03-08T12:12:40.678+0000] {logging_mixin.py:151} INFO - [2026-03-08T12:12:40.673+0000] {dagbag.py:539} INFO - Filling up the DagBag from /opt/airflow/dags/analytics_marts.py
[2026-03-08T12:12:40.911+0000] {processor.py:839} INFO - DAG(s) dict_keys(['analytics_marts']) retrieved from /opt/airflow/dags/analytics_marts.py
[2026-03-08T12:12:42.304+0000] {logging_mixin.py:151} INFO - [2026-03-08T12:12:42.303+0000] {manager.py:499} INFO - Created Permission View: %s
[2026-03-08T12:12:42.340+0000] {logging_mixin.py:151} INFO - [2026-03-08T12:12:42.340+0000] {manager.py:344} ERROR - Add Permission: %s
[2026-03-08T12:12:42.356+0000] {logging_mixin.py:151} INFO - [2026-03-08T12:12:42.356+0000] {manager.py:499} INFO - Created Permission View: %s
[2026-03-08T12:12:42.402+0000] {logging_mixin.py:151} INFO - [2026-03-08T12:12:42.402+0000] {manager.py:499} INFO - Created Permission View: %s
[2026-03-08T12:12:42.410+0000] {logging_mixin.py:151} INFO - [2026-03-08T12:12:42.407+0000] {security.py:708} INFO - Not syncing DAG-level permissions for DAG 'DAG:analytics_marts' as access control is unset.
[2026-03-08T12:12:42.414+0000] {logging_mixin.py:151} INFO - [2026-03-08T12:12:42.413+0000] {dag.py:2915} INFO - Sync 1 DAGs
[2026-03-08T12:12:42.460+0000] {logging_mixin.py:151} INFO - [2026-03-08T12:12:42.459+0000] {dag.py:2937} INFO - Creating ORM DAG for analytics_marts
[2026-03-08T12:12:42.513+0000] {logging_mixin.py:151} INFO - [2026-03-08T12:12:42.513+0000] {dag.py:3696} INFO - Setting next_dagrun for analytics_marts to 2026-03-08T10:30:00+00:00, run_after=2026-03-08T11:30:00+00:00
[2026-03-08T12:12:42.584+0000] {processor.py:179} INFO - Processing /opt/airflow/dags/analytics_marts.py took 1.988 seconds
[2026-03-08T12:13:13.067+0000] {processor.py:157} INFO - Started process (PID=173) to work on /opt/airflow/dags/analytics_marts.py
[2026-03-08T12:13:13.073+0000] {processor.py:829} INFO - Processing file /opt/airflow/dags/analytics_marts.py for tasks to queue
[2026-03-08T12:13:13.093+0000] {logging_mixin.py:151} INFO - [2026-03-08T12:13:13.092+0000] {dagbag.py:539} INFO - Filling up the DagBag from /opt/airflow/dags/analytics_marts.py
[2026-03-08T12:13:13.161+0000] {processor.py:839} INFO - DAG(s) dict_keys(['analytics_marts']) retrieved from /opt/airflow/dags/analytics_marts.py
[2026-03-08T12:13:13.235+0000] {logging_mixin.py:151} INFO - [2026-03-08T12:13:13.233+0000] {dag.py:2915} INFO - Sync 1 DAGs
[2026-03-08T12:13:13.290+0000] {logging_mixin.py:151} INFO - [2026-03-08T12:13:13.290+0000] {dag.py:3696} INFO - Setting next_dagrun for analytics_marts to 2026-03-08T10:30:00+00:00, run_after=2026-03-08T11:30:00+00:00
[2026-03-08T12:13:13.343+0000] {processor.py:179} INFO - Processing /opt/airflow/dags/analytics_marts.py took 0.310 seconds
[2026-03-08T12:13:43.863+0000] {processor.py:157} INFO - Started process (PID=183) to work on /opt/airflow/dags/analytics_marts.py
[2026-03-08T12:13:43.869+0000] {processor.py:829} INFO - Processing file /opt/airflow/dags/analytics_marts.py for tasks to queue
[2026-03-08T12:13:43.884+0000] {logging_mixin.py:151} INFO - [2026-03-08T12:13:43.882+0000] {dagbag.py:539} INFO - Filling up the DagBag from /opt/airflow/dags/analytics_marts.py
[2026-03-08T12:13:44.079+0000] {processor.py:839} INFO - DAG(s) dict_keys(['analytics_marts']) retrieved from /opt/airflow/dags/analytics_marts.py
[2026-03-08T12:13:44.402+0000] {logging_mixin.py:151} INFO - [2026-03-08T12:13:44.401+0000] {dag.py:2915} INFO - Sync 1 DAGs
[2026-03-08T12:13:44.514+0000] {logging_mixin.py:151} INFO - [2026-03-08T12:13:44.514+0000] {dag.py:3696} INFO - Setting next_dagrun for analytics_marts to 2026-03-08T10:30:00+00:00, run_after=2026-03-08T11:30:00+00:00
[2026-03-08T12:13:44.588+0000] {processor.py:179} INFO - Processing /opt/airflow/dags/analytics_marts.py took 0.825 seconds
[2026-03-08T12:14:15.269+0000] {processor.py:157} INFO - Started process (PID=192) to work on /opt/airflow/dags/analytics_marts.py
[2026-03-08T12:14:15.272+0000] {processor.py:829} INFO - Processing file /opt/airflow/dags/analytics_marts.py for tasks to queue
[2026-03-08T12:14:15.288+0000] {logging_mixin.py:151} INFO - [2026-03-08T12:14:15.287+0000] {dagbag.py:539} INFO - Filling up the DagBag from /opt/airflow/dags/analytics_marts.py
[2026-03-08T12:14:15.360+0000] {processor.py:839} INFO - DAG(s) dict_keys(['analytics_marts']) retrieved from /opt/airflow/dags/analytics_marts.py
[2026-03-08T12:14:15.566+0000] {logging_mixin.py:151} INFO - [2026-03-08T12:14:15.564+0000] {dag.py:2915} INFO - Sync 1 DAGs
[2026-03-08T12:14:15.612+0000] {logging_mixin.py:151} INFO - [2026-03-08T12:14:15.612+0000] {dag.py:3696} INFO - Setting next_dagrun for analytics_marts to 2026-03-08T10:30:00+00:00, run_after=2026-03-08T11:30:00+00:00
[2026-03-08T12:14:15.654+0000] {processor.py:179} INFO - Processing /opt/airflow/dags/analytics_marts.py took 0.436 seconds
[2026-03-08T12:14:45.871+0000] {processor.py:157} INFO - Started process (PID=200) to work on /opt/airflow/dags/analytics_marts.py
[2026-03-08T12:14:45.874+0000] {processor.py:829} INFO - Processing file /opt/airflow/dags/analytics_marts.py for tasks to queue
[2026-03-08T12:14:45.879+0000] {logging_mixin.py:151} INFO - [2026-03-08T12:14:45.878+0000] {dagbag.py:539} INFO - Filling up the DagBag from /opt/airflow/dags/analytics_marts.py
[2026-03-08T12:14:45.906+0000] {processor.py:839} INFO - DAG(s) dict_keys(['analytics_marts']) retrieved from /opt/airflow/dags/analytics_marts.py
[2026-03-08T12:14:46.013+0000] {logging_mixin.py:151} INFO - [2026-03-08T12:14:46.012+0000] {dag.py:2915} INFO - Sync 1 DAGs
[2026-03-08T12:14:46.076+0000] {logging_mixin.py:151} INFO - [2026-03-08T12:14:46.076+0000] {dag.py:3696} INFO - Setting next_dagrun for analytics_marts to 2026-03-08T10:30:00+00:00, run_after=2026-03-08T11:30:00+00:00
[2026-03-08T12:14:46.136+0000] {processor.py:179} INFO - Processing /opt/airflow/dags/analytics_marts.py took 0.274 seconds
[2026-03-08T12:15:16.614+0000] {processor.py:157} INFO - Started process (PID=210) to work on /opt/airflow/dags/analytics_marts.py
[2026-03-08T12:15:16.617+0000] {processor.py:829} INFO - Processing file /opt/airflow/dags/analytics_marts.py for tasks to queue
[2026-03-08T12:15:16.624+0000] {logging_mixin.py:151} INFO - [2026-03-08T12:15:16.623+0000] {dagbag.py:539} INFO - Filling up the DagBag from /opt/airflow/dags/analytics_marts.py
[2026-03-08T12:15:16.656+0000] {processor.py:839} INFO - DAG(s) dict_keys(['analytics_marts']) retrieved from /opt/airflow/dags/analytics_marts.py
[2026-03-08T12:15:16.733+0000] {logging_mixin.py:151} INFO - [2026-03-08T12:15:16.732+0000] {dag.py:2915} INFO - Sync 1 DAGs
[2026-03-08T12:15:16.834+0000] {logging_mixin.py:151} INFO - [2026-03-08T12:15:16.833+0000] {dag.py:3696} INFO - Setting next_dagrun for analytics_marts to 2026-03-08T10:30:00+00:00, run_after=2026-03-08T11:30:00+00:00
[2026-03-08T12:15:16.879+0000] {processor.py:179} INFO - Processing /opt/airflow/dags/analytics_marts.py took 0.274 seconds
[2026-03-08T12:15:47.675+0000] {processor.py:157} INFO - Started process (PID=223) to work on /opt/airflow/dags/analytics_marts.py
[2026-03-08T12:15:47.681+0000] {processor.py:829} INFO - Processing file /opt/airflow/dags/analytics_marts.py for tasks to queue
[2026-03-08T12:15:47.709+0000] {logging_mixin.py:151} INFO - [2026-03-08T12:15:47.707+0000] {dagbag.py:539} INFO - Filling up the DagBag from /opt/airflow/dags/analytics_marts.py
[2026-03-08T12:15:47.770+0000] {processor.py:839} INFO - DAG(s) dict_keys(['analytics_marts']) retrieved from /opt/airflow/dags/analytics_marts.py
[2026-03-08T12:15:47.914+0000] {logging_mixin.py:151} INFO - [2026-03-08T12:15:47.912+0000] {dag.py:2915} INFO - Sync 1 DAGs
[2026-03-08T12:15:47.998+0000] {logging_mixin.py:151} INFO - [2026-03-08T12:15:47.998+0000] {dag.py:3696} INFO - Setting next_dagrun for analytics_marts to 2026-03-08T10:30:00+00:00, run_after=2026-03-08T11:30:00+00:00
[2026-03-08T12:15:48.114+0000] {processor.py:179} INFO - Processing /opt/airflow/dags/analytics_marts.py took 0.449 seconds
[2026-03-08T12:16:19.614+0000] {processor.py:157} INFO - Started process (PID=240) to work on /opt/airflow/dags/analytics_marts.py
[2026-03-08T12:16:20.071+0000] {processor.py:829} INFO - Processing file /opt/airflow/dags/analytics_marts.py for tasks to queue
[2026-03-08T12:16:20.315+0000] {logging_mixin.py:151} INFO - [2026-03-08T12:16:20.292+0000] {dagbag.py:539} INFO - Filling up the DagBag from /opt/airflow/dags/analytics_marts.py
[2026-03-08T12:16:22.060+0000] {processor.py:839} INFO - DAG(s) dict_keys(['analytics_marts']) retrieved from /opt/airflow/dags/analytics_marts.py
[2026-03-08T12:16:25.312+0000] {logging_mixin.py:151} INFO - [2026-03-08T12:16:25.306+0000] {dag.py:2915} INFO - Sync 1 DAGs
[2026-03-08T12:16:26.494+0000] {logging_mixin.py:151} INFO - [2026-03-08T12:16:26.494+0000] {dag.py:3696} INFO - Setting next_dagrun for analytics_marts to 2026-03-08T10:30:00+00:00, run_after=2026-03-08T11:30:00+00:00
[2026-03-08T12:16:27.509+0000] {processor.py:179} INFO - Processing /opt/airflow/dags/analytics_marts.py took 8.313 seconds
[2026-03-08T12:16:58.206+0000] {processor.py:157} INFO - Started process (PID=290) to work on /opt/airflow/dags/analytics_marts.py
[2026-03-08T12:16:58.208+0000] {processor.py:829} INFO - Processing file /opt/airflow/dags/analytics_marts.py for tasks to queue
[2026-03-08T12:16:58.213+0000] {logging_mixin.py:151} INFO - [2026-03-08T12:16:58.212+0000] {dagbag.py:539} INFO - Filling up the DagBag from /opt/airflow/dags/analytics_marts.py
[2026-03-08T12:16:58.248+0000] {processor.py:839} INFO - DAG(s) dict_keys(['analytics_marts']) retrieved from /opt/airflow/dags/analytics_marts.py
[2026-03-08T12:16:58.328+0000] {logging_mixin.py:151} INFO - [2026-03-08T12:16:58.327+0000] {dag.py:2915} INFO - Sync 1 DAGs
[2026-03-08T12:16:58.390+0000] {logging_mixin.py:151} INFO - [2026-03-08T12:16:58.390+0000] {dag.py:3696} INFO - Setting next_dagrun for analytics_marts to 2026-03-08T10:30:00+00:00, run_after=2026-03-08T11:30:00+00:00
[2026-03-08T12:16:58.439+0000] {processor.py:179} INFO - Processing /opt/airflow/dags/analytics_marts.py took 0.240 seconds
[2026-03-08T12:17:29.067+0000] {processor.py:157} INFO - Started process (PID=300) to work on /opt/airflow/dags/analytics_marts.py
[2026-03-08T12:17:29.073+0000] {processor.py:829} INFO - Processing file /opt/airflow/dags/analytics_marts.py for tasks to queue
[2026-03-08T12:17:29.097+0000] {logging_mixin.py:151} INFO - [2026-03-08T12:17:29.085+0000] {dagbag.py:539} INFO - Filling up the DagBag from /opt/airflow/dags/analytics_marts.py
[2026-03-08T12:17:29.320+0000] {processor.py:839} INFO - DAG(s) dict_keys(['analytics_marts']) retrieved from /opt/airflow/dags/analytics_marts.py
[2026-03-08T12:17:29.939+0000] {logging_mixin.py:151} INFO - [2026-03-08T12:17:29.938+0000] {dag.py:2915} INFO - Sync 1 DAGs
[2026-03-08T12:17:30.034+0000] {logging_mixin.py:151} INFO - [2026-03-08T12:17:30.033+0000] {dag.py:3696} INFO - Setting next_dagrun for analytics_marts to 2026-03-08T10:30:00+00:00, run_after=2026-03-08T11:30:00+00:00
[2026-03-08T12:17:30.156+0000] {processor.py:179} INFO - Processing /opt/airflow/dags/analytics_marts.py took 1.125 seconds
[2026-03-08T12:18:00.547+0000] {processor.py:157} INFO - Started process (PID=310) to work on /opt/airflow/dags/analytics_marts.py
[2026-03-08T12:18:00.553+0000] {processor.py:829} INFO - Processing file /opt/airflow/dags/analytics_marts.py for tasks to queue
[2026-03-08T12:18:00.560+0000] {logging_mixin.py:151} INFO - [2026-03-08T12:18:00.559+0000] {dagbag.py:539} INFO - Filling up the DagBag from /opt/airflow/dags/analytics_marts.py
[2026-03-08T12:18:00.593+0000] {processor.py:839} INFO - DAG(s) dict_keys(['analytics_marts']) retrieved from /opt/airflow/dags/analytics_marts.py
[2026-03-08T12:18:00.656+0000] {logging_mixin.py:151} INFO - [2026-03-08T12:18:00.655+0000] {dag.py:2915} INFO - Sync 1 DAGs
[2026-03-08T12:18:00.698+0000] {logging_mixin.py:151} INFO - [2026-03-08T12:18:00.698+0000] {dag.py:3696} INFO - Setting next_dagrun for analytics_marts to 2026-03-08T10:30:00+00:00, run_after=2026-03-08T11:30:00+00:00
[2026-03-08T12:18:00.736+0000] {processor.py:179} INFO - Processing /opt/airflow/dags/analytics_marts.py took 0.206 seconds
[2026-03-08T12:18:31.715+0000] {processor.py:157} INFO - Started process (PID=320) to work on /opt/airflow/dags/analytics_marts.py
[2026-03-08T12:18:31.717+0000] {processor.py:829} INFO - Processing file /opt/airflow/dags/analytics_marts.py for tasks to queue
[2026-03-08T12:18:31.727+0000] {logging_mixin.py:151} INFO - [2026-03-08T12:18:31.726+0000] {dagbag.py:539} INFO - Filling up the DagBag from /opt/airflow/dags/analytics_marts.py
[2026-03-08T12:18:31.768+0000] {processor.py:839} INFO - DAG(s) dict_keys(['analytics_marts']) retrieved from /opt/airflow/dags/analytics_marts.py
[2026-03-08T12:18:31.829+0000] {logging_mixin.py:151} INFO - [2026-03-08T12:18:31.828+0000] {dag.py:2915} INFO - Sync 1 DAGs
[2026-03-08T12:18:31.877+0000] {logging_mixin.py:151} INFO - [2026-03-08T12:18:31.877+0000] {dag.py:3696} INFO - Setting next_dagrun for analytics_marts to 2026-03-08T10:30:00+00:00, run_after=2026-03-08T11:30:00+00:00
[2026-03-08T12:18:31.913+0000] {processor.py:179} INFO - Processing /opt/airflow/dags/analytics_marts.py took 0.208 seconds
[2026-03-08T12:19:02.740+0000] {processor.py:157} INFO - Started process (PID=330) to work on /opt/airflow/dags/analytics_marts.py
[2026-03-08T12:19:02.743+0000] {processor.py:829} INFO - Processing file /opt/airflow/dags/analytics_marts.py for tasks to queue
[2026-03-08T12:19:02.751+0000] {logging_mixin.py:151} INFO - [2026-03-08T12:19:02.750+0000] {dagbag.py:539} INFO - Filling up the DagBag from /opt/airflow/dags/analytics_marts.py
[2026-03-08T12:19:02.808+0000] {processor.py:839} INFO - DAG(s) dict_keys(['analytics_marts']) retrieved from /opt/airflow/dags/analytics_marts.py
[2026-03-08T12:19:02.979+0000] {logging_mixin.py:151} INFO - [2026-03-08T12:19:02.977+0000] {dag.py:2915} INFO - Sync 1 DAGs
[2026-03-08T12:19:03.072+0000] {logging_mixin.py:151} INFO - [2026-03-08T12:19:03.072+0000] {dag.py:3696} INFO - Setting next_dagrun for analytics_marts to 2026-03-08T10:30:00+00:00, run_after=2026-03-08T11:30:00+00:00
[2026-03-08T12:19:03.108+0000] {processor.py:179} INFO - Processing /opt/airflow/dags/analytics_marts.py took 0.376 seconds
[2026-03-08T12:19:33.298+0000] {processor.py:157} INFO - Started process (PID=340) to work on /opt/airflow/dags/analytics_marts.py
[2026-03-08T12:19:33.302+0000] {processor.py:829} INFO - Processing file /opt/airflow/dags/analytics_marts.py for tasks to queue
[2026-03-08T12:19:33.305+0000] {logging_mixin.py:151} INFO - [2026-03-08T12:19:33.305+0000] {dagbag.py:539} INFO - Filling up the DagBag from /opt/airflow/dags/analytics_marts.py
[2026-03-08T12:19:33.329+0000] {processor.py:839} INFO - DAG(s) dict_keys(['analytics_marts']) retrieved from /opt/airflow/dags/analytics_marts.py
[2026-03-08T12:19:33.400+0000] {logging_mixin.py:151} INFO - [2026-03-08T12:19:33.399+0000] {dag.py:2915} INFO - Sync 1 DAGs
[2026-03-08T12:19:33.504+0000] {logging_mixin.py:151} INFO - [2026-03-08T12:19:33.504+0000] {dag.py:3696} INFO - Setting next_dagrun for analytics_marts to 2026-03-08T10:30:00+00:00, run_after=2026-03-08T11:30:00+00:00
[2026-03-08T12:19:33.565+0000] {processor.py:179} INFO - Processing /opt/airflow/dags/analytics_marts.py took 0.272 seconds
[2026-03-08T12:20:03.942+0000] {processor.py:157} INFO - Started process (PID=350) to work on /opt/airflow/dags/analytics_marts.py
[2026-03-08T12:20:03.944+0000] {processor.py:829} INFO - Processing file /opt/airflow/dags/analytics_marts.py for tasks to queue
[2026-03-08T12:20:03.948+0000] {logging_mixin.py:151} INFO - [2026-03-08T12:20:03.947+0000] {dagbag.py:539} INFO - Filling up the DagBag from /opt/airflow/dags/analytics_marts.py
[2026-03-08T12:20:03.973+0000] {processor.py:839} INFO - DAG(s) dict_keys(['analytics_marts']) retrieved from /opt/airflow/dags/analytics_marts.py
[2026-03-08T12:20:04.022+0000] {logging_mixin.py:151} INFO - [2026-03-08T12:20:04.021+0000] {dag.py:2915} INFO - Sync 1 DAGs
[2026-03-08T12:20:04.062+0000] {logging_mixin.py:151} INFO - [2026-03-08T12:20:04.061+0000] {dag.py:3696} INFO - Setting next_dagrun for analytics_marts to 2026-03-08T10:30:00+00:00, run_after=2026-03-08T11:30:00+00:00
[2026-03-08T12:20:04.091+0000] {processor.py:179} INFO - Processing /opt/airflow/dags/analytics_marts.py took 0.154 seconds
[2026-03-08T12:20:34.656+0000] {processor.py:157} INFO - Started process (PID=360) to work on /opt/airflow/dags/analytics_marts.py
[2026-03-08T12:20:34.658+0000] {processor.py:829} INFO - Processing file /opt/airflow/dags/analytics_marts.py for tasks to queue
[2026-03-08T12:20:34.662+0000] {logging_mixin.py:151} INFO - [2026-03-08T12:20:34.662+0000] {dagbag.py:539} INFO - Filling up the DagBag from /opt/airflow/dags/analytics_marts.py
[2026-03-08T12:20:34.689+0000] {processor.py:839} INFO - DAG(s) dict_keys(['analytics_marts']) retrieved from /opt/airflow/dags/analytics_marts.py
[2026-03-08T12:20:34.741+0000] {logging_mixin.py:151} INFO - [2026-03-08T12:20:34.740+0000] {dag.py:2915} INFO - Sync 1 DAGs
[2026-03-08T12:20:34.779+0000] {logging_mixin.py:151} INFO - [2026-03-08T12:20:34.778+0000] {dag.py:3696} INFO - Setting next_dagrun for analytics_marts to 2026-03-08T10:30:00+00:00, run_after=2026-03-08T11:30:00+00:00
[2026-03-08T12:20:34.809+0000] {processor.py:179} INFO - Processing /opt/airflow/dags/analytics_marts.py took 0.159 seconds
[2026-03-08T12:21:05.603+0000] {processor.py:157} INFO - Started process (PID=370) to work on /opt/airflow/dags/analytics_marts.py
[2026-03-08T12:21:05.608+0000] {processor.py:829} INFO - Processing file /opt/airflow/dags/analytics_marts.py for tasks to queue
[2026-03-08T12:21:05.615+0000] {logging_mixin.py:151} INFO - [2026-03-08T12:21:05.614+0000] {dagbag.py:539} INFO - Filling up the DagBag from /opt/airflow/dags/analytics_marts.py
[2026-03-08T12:21:05.708+0000] {processor.py:839} INFO - DAG(s) dict_keys(['analytics_marts']) retrieved from /opt/airflow/dags/analytics_marts.py
[2026-03-08T12:21:05.899+0000] {logging_mixin.py:151} INFO - [2026-03-08T12:21:05.896+0000] {dag.py:2915} INFO - Sync 1 DAGs
[2026-03-08T12:21:06.149+0000] {logging_mixin.py:151} INFO - [2026-03-08T12:21:06.148+0000] {dag.py:3696} INFO - Setting next_dagrun for analytics_marts to 2026-03-08T10:30:00+00:00, run_after=2026-03-08T11:30:00+00:00
[2026-03-08T12:21:06.371+0000] {processor.py:179} INFO - Processing /opt/airflow/dags/analytics_marts.py took 0.817 seconds
[2026-03-08T12:21:36.548+0000] {processor.py:157} INFO - Started process (PID=380) to work on /opt/airflow/dags/analytics_marts.py
[2026-03-08T12:21:36.550+0000] {processor.py:829} INFO - Processing file /opt/airflow/dags/analytics_marts.py for tasks to queue
[2026-03-08T12:21:36.556+0000] {logging_mixin.py:151} INFO - [2026-03-08T12:21:36.555+0000] {dagbag.py:539} INFO - Filling up the DagBag from /opt/airflow/dags/analytics_marts.py
[2026-03-08T12:21:36.585+0000] {processor.py:839} INFO - DAG(s) dict_keys(['analytics_marts']) retrieved from /opt/airflow/dags/analytics_marts.py
[2026-03-08T12:21:36.734+0000] {logging_mixin.py:151} INFO - [2026-03-08T12:21:36.733+0000] {dag.py:2915} INFO - Sync 1 DAGs
[2026-03-08T12:21:36.819+0000] {logging_mixin.py:151} INFO - [2026-03-08T12:21:36.819+0000] {dag.py:3696} INFO - Setting next_dagrun for analytics_marts to 2026-03-08T10:30:00+00:00, run_after=2026-03-08T11:30:00+00:00
[2026-03-08T12:21:36.875+0000] {processor.py:179} INFO - Processing /opt/airflow/dags/analytics_marts.py took 0.336 seconds
[2026-03-08T12:22:07.296+0000] {processor.py:157} INFO - Started process (PID=390) to work on /opt/airflow/dags/analytics_marts.py
[2026-03-08T12:22:07.299+0000] {processor.py:829} INFO - Processing file /opt/airflow/dags/analytics_marts.py for tasks to queue
[2026-03-08T12:22:07.304+0000] {logging_mixin.py:151} INFO - [2026-03-08T12:22:07.303+0000] {dagbag.py:539} INFO - Filling up the DagBag from /opt/airflow/dags/analytics_marts.py
[2026-03-08T12:22:07.324+0000] {processor.py:839} INFO - DAG(s) dict_keys(['analytics_marts']) retrieved from /opt/airflow/dags/analytics_marts.py
[2026-03-08T12:22:07.372+0000] {logging_mixin.py:151} INFO - [2026-03-08T12:22:07.372+0000] {dag.py:2915} INFO - Sync 1 DAGs
[2026-03-08T12:22:07.410+0000] {logging_mixin.py:151} INFO - [2026-03-08T12:22:07.409+0000] {dag.py:3696} INFO - Setting next_dagrun for analytics_marts to 2026-03-08T10:30:00+00:00, run_after=2026-03-08T11:30:00+00:00
[2026-03-08T12:22:07.440+0000] {processor.py:179} INFO - Processing /opt/airflow/dags/analytics_marts.py took 0.150 seconds
[2026-03-08T12:22:37.796+0000] {processor.py:157} INFO - Started process (PID=400) to work on /opt/airflow/dags/analytics_marts.py
[2026-03-08T12:22:37.800+0000] {processor.py:829} INFO - Processing file /opt/airflow/dags/analytics_marts.py for tasks to queue
[2026-03-08T12:22:37.814+0000] {logging_mixin.py:151} INFO - [2026-03-08T12:22:37.813+0000] {dagbag.py:539} INFO - Filling up the DagBag from /opt/airflow/dags/analytics_marts.py
[2026-03-08T12:22:37.873+0000] {processor.py:839} INFO - DAG(s) dict_keys(['analytics_marts']) retrieved from /opt/airflow/dags/analytics_marts.py
[2026-03-08T12:22:38.019+0000] {logging_mixin.py:151} INFO - [2026-03-08T12:22:38.017+0000] {dag.py:2915} INFO - Sync 1 DAGs
[2026-03-08T12:22:38.128+0000] {logging_mixin.py:151} INFO - [2026-03-08T12:22:38.127+0000] {dag.py:3696} INFO - Setting next_dagrun for analytics_marts to 2026-03-08T10:30:00+00:00, run_after=2026-03-08T11:30:00+00:00
[2026-03-08T12:22:38.178+0000] {processor.py:179} INFO - Processing /opt/airflow/dags/analytics_marts.py took 0.396 seconds
[2026-03-08T12:23:08.330+0000] {processor.py:157} INFO - Started process (PID=410) to work on /opt/airflow/dags/analytics_marts.py
[2026-03-08T12:23:08.333+0000] {processor.py:829} INFO - Processing file /opt/airflow/dags/analytics_marts.py for tasks to queue
[2026-03-08T12:23:08.338+0000] {logging_mixin.py:151} INFO - [2026-03-08T12:23:08.337+0000] {dagbag.py:539} INFO - Filling up the DagBag from /opt/airflow/dags/analytics_marts.py
[2026-03-08T12:23:08.366+0000] {processor.py:839} INFO - DAG(s) dict_keys(['analytics_marts']) retrieved from /opt/airflow/dags/analytics_marts.py
[2026-03-08T12:23:08.457+0000] {logging_mixin.py:151} INFO - [2026-03-08T12:23:08.456+0000] {dag.py:2915} INFO - Sync 1 DAGs
[2026-03-08T12:23:08.513+0000] {logging_mixin.py:151} INFO - [2026-03-08T12:23:08.513+0000] {dag.py:3696} INFO - Setting next_dagrun for analytics_marts to 2026-03-08T10:30:00+00:00, run_after=2026-03-08T11:30:00+00:00
[2026-03-08T12:23:08.547+0000] {processor.py:179} INFO - Processing /opt/airflow/dags/analytics_marts.py took 0.225 seconds
[2026-03-08T12:23:38.853+0000] {processor.py:157} INFO - Started process (PID=420) to work on /opt/airflow/dags/analytics_marts.py
[2026-03-08T12:23:38.855+0000] {processor.py:829} INFO - Processing file /opt/airflow/dags/analytics_marts.py for tasks to queue
[2026-03-08T12:23:38.859+0000] {logging_mixin.py:151} INFO - [2026-03-08T12:23:38.858+0000] {dagbag.py:539} INFO - Filling up the DagBag from /opt/airflow/dags/analytics_marts.py
[2026-03-08T12:23:38.883+0000] {processor.py:839} INFO - DAG(s) dict_keys(['analytics_marts']) retrieved from /opt/airflow/dags/analytics_marts.py
[2026-03-08T12:23:38.950+0000] {logging_mixin.py:151} INFO - [2026-03-08T12:23:38.949+0000] {dag.py:2915} INFO - Sync 1 DAGs
[2026-03-08T12:23:39.005+0000] {logging_mixin.py:151} INFO - [2026-03-08T12:23:39.004+0000] {dag.py:3696} INFO - Setting next_dagrun for analytics_marts to 2026-03-08T10:30:00+00:00, run_after=2026-03-08T11:30:00+00:00
[2026-03-08T12:23:39.040+0000] {processor.py:179} INFO - Processing /opt/airflow/dags/analytics_marts.py took 0.194 seconds
[2026-03-08T12:24:09.640+0000] {processor.py:157} INFO - Started process (PID=435) to work on /opt/airflow/dags/analytics_marts.py
[2026-03-08T12:24:09.644+0000] {processor.py:829} INFO - Processing file /opt/airflow/dags/analytics_marts.py for tasks to queue
[2026-03-08T12:24:09.649+0000] {logging_mixin.py:151} INFO - [2026-03-08T12:24:09.648+0000] {dagbag.py:539} INFO - Filling up the DagBag from /opt/airflow/dags/analytics_marts.py
[2026-03-08T12:24:09.678+0000] {processor.py:839} INFO - DAG(s) dict_keys(['analytics_marts']) retrieved from /opt/airflow/dags/analytics_marts.py
[2026-03-08T12:24:09.775+0000] {logging_mixin.py:151} INFO - [2026-03-08T12:24:09.773+0000] {dag.py:2915} INFO - Sync 1 DAGs
[2026-03-08T12:24:09.886+0000] {logging_mixin.py:151} INFO - [2026-03-08T12:24:09.886+0000] {dag.py:3696} INFO - Setting next_dagrun for analytics_marts to 2026-03-08T10:30:00+00:00, run_after=2026-03-08T11:30:00+00:00
[2026-03-08T12:24:10.025+0000] {processor.py:179} INFO - Processing /opt/airflow/dags/analytics_marts.py took 0.394 seconds
[2026-03-08T12:24:40.269+0000] {processor.py:157} INFO - Started process (PID=445) to work on /opt/airflow/dags/analytics_marts.py
[2026-03-08T12:24:40.274+0000] {processor.py:829} INFO - Processing file /opt/airflow/dags/analytics_marts.py for tasks to queue
[2026-03-08T12:24:40.327+0000] {logging_mixin.py:151} INFO - [2026-03-08T12:24:40.321+0000] {dagbag.py:539} INFO - Filling up the DagBag from /opt/airflow/dags/analytics_marts.py
[2026-03-08T12:24:40.451+0000] {processor.py:839} INFO - DAG(s) dict_keys(['analytics_marts']) retrieved from /opt/airflow/dags/analytics_marts.py
[2026-03-08T12:24:40.543+0000] {logging_mixin.py:151} INFO - [2026-03-08T12:24:40.542+0000] {dag.py:2915} INFO - Sync 1 DAGs
[2026-03-08T12:24:40.616+0000] {logging_mixin.py:151} INFO - [2026-03-08T12:24:40.615+0000] {dag.py:3696} INFO - Setting next_dagrun for analytics_marts to 2026-03-08T10:30:00+00:00, run_after=2026-03-08T11:30:00+00:00
[2026-03-08T12:24:40.657+0000] {processor.py:179} INFO - Processing /opt/airflow/dags/analytics_marts.py took 0.399 seconds
[2026-03-08T12:25:10.712+0000] {processor.py:157} INFO - Started process (PID=455) to work on /opt/airflow/dags/analytics_marts.py
[2026-03-08T12:25:10.714+0000] {processor.py:829} INFO - Processing file /opt/airflow/dags/analytics_marts.py for tasks to queue
[2026-03-08T12:25:10.719+0000] {logging_mixin.py:151} INFO - [2026-03-08T12:25:10.718+0000] {dagbag.py:539} INFO - Filling up the DagBag from /opt/airflow/dags/analytics_marts.py
[2026-03-08T12:25:10.742+0000] {processor.py:839} INFO - DAG(s) dict_keys(['analytics_marts']) retrieved from /opt/airflow/dags/analytics_marts.py
[2026-03-08T12:25:10.800+0000] {logging_mixin.py:151} INFO - [2026-03-08T12:25:10.799+0000] {dag.py:2915} INFO - Sync 1 DAGs
[2026-03-08T12:25:10.843+0000] {logging_mixin.py:151} INFO - [2026-03-08T12:25:10.842+0000] {dag.py:3696} INFO - Setting next_dagrun for analytics_marts to 2026-03-08T10:30:00+00:00, run_after=2026-03-08T11:30:00+00:00
[2026-03-08T12:25:10.878+0000] {processor.py:179} INFO - Processing /opt/airflow/dags/analytics_marts.py took 0.173 seconds
[2026-03-08T12:25:41.500+0000] {processor.py:157} INFO - Started process (PID=465) to work on /opt/airflow/dags/analytics_marts.py
[2026-03-08T12:25:41.502+0000] {processor.py:829} INFO - Processing file /opt/airflow/dags/analytics_marts.py for tasks to queue
[2026-03-08T12:25:41.506+0000] {logging_mixin.py:151} INFO - [2026-03-08T12:25:41.505+0000] {dagbag.py:539} INFO - Filling up the DagBag from /opt/airflow/dags/analytics_marts.py
[2026-03-08T12:25:41.533+0000] {processor.py:839} INFO - DAG(s) dict_keys(['analytics_marts']) retrieved from /opt/airflow/dags/analytics_marts.py
[2026-03-08T12:25:41.667+0000] {logging_mixin.py:151} INFO - [2026-03-08T12:25:41.666+0000] {dag.py:2915} INFO - Sync 1 DAGs
[2026-03-08T12:25:41.757+0000] {logging_mixin.py:151} INFO - [2026-03-08T12:25:41.757+0000] {dag.py:3696} INFO - Setting next_dagrun for analytics_marts to 2026-03-08T10:30:00+00:00, run_after=2026-03-08T11:30:00+00:00
[2026-03-08T12:25:41.839+0000] {processor.py:179} INFO - Processing /opt/airflow/dags/analytics_marts.py took 0.345 seconds
[2026-03-08T12:26:12.345+0000] {processor.py:157} INFO - Started process (PID=495) to work on /opt/airflow/dags/analytics_marts.py
[2026-03-08T12:26:12.353+0000] {processor.py:829} INFO - Processing file /opt/airflow/dags/analytics_marts.py for tasks to queue
[2026-03-08T12:26:12.358+0000] {logging_mixin.py:151} INFO - [2026-03-08T12:26:12.358+0000] {dagbag.py:539} INFO - Filling up the DagBag from /opt/airflow/dags/analytics_marts.py
[2026-03-08T12:26:12.455+0000] {processor.py:839} INFO - DAG(s) dict_keys(['analytics_marts']) retrieved from /opt/airflow/dags/analytics_marts.py
[2026-03-08T12:26:12.551+0000] {logging_mixin.py:151} INFO - [2026-03-08T12:26:12.550+0000] {dag.py:2915} INFO - Sync 1 DAGs
[2026-03-08T12:26:12.624+0000] {logging_mixin.py:151} INFO - [2026-03-08T12:26:12.624+0000] {dag.py:3696} INFO - Setting next_dagrun for analytics_marts to 2026-03-08T10:30:00+00:00, run_after=2026-03-08T11:30:00+00:00
[2026-03-08T12:26:12.742+0000] {processor.py:179} INFO - Processing /opt/airflow/dags/analytics_marts.py took 0.414 seconds
[2026-03-08T12:26:43.373+0000] {processor.py:157} INFO - Started process (PID=505) to work on /opt/airflow/dags/analytics_marts.py
[2026-03-08T12:26:43.375+0000] {processor.py:829} INFO - Processing file /opt/airflow/dags/analytics_marts.py for tasks to queue
[2026-03-08T12:26:43.379+0000] {logging_mixin.py:151} INFO - [2026-03-08T12:26:43.379+0000] {dagbag.py:539} INFO - Filling up the DagBag from /opt/airflow/dags/analytics_marts.py
[2026-03-08T12:26:43.410+0000] {processor.py:839} INFO - DAG(s) dict_keys(['analytics_marts']) retrieved from /opt/airflow/dags/analytics_marts.py
[2026-03-08T12:26:43.494+0000] {logging_mixin.py:151} INFO - [2026-03-08T12:26:43.493+0000] {dag.py:2915} INFO - Sync 1 DAGs
[2026-03-08T12:26:43.542+0000] {logging_mixin.py:151} INFO - [2026-03-08T12:26:43.541+0000] {dag.py:3696} INFO - Setting next_dagrun for analytics_marts to 2026-03-08T10:30:00+00:00, run_after=2026-03-08T11:30:00+00:00
[2026-03-08T12:26:43.584+0000] {processor.py:179} INFO - Processing /opt/airflow/dags/analytics_marts.py took 0.217 seconds
[2026-03-08T12:27:14.066+0000] {processor.py:157} INFO - Started process (PID=515) to work on /opt/airflow/dags/analytics_marts.py
[2026-03-08T12:27:14.071+0000] {processor.py:829} INFO - Processing file /opt/airflow/dags/analytics_marts.py for tasks to queue
[2026-03-08T12:27:14.082+0000] {logging_mixin.py:151} INFO - [2026-03-08T12:27:14.080+0000] {dagbag.py:539} INFO - Filling up the DagBag from /opt/airflow/dags/analytics_marts.py
[2026-03-08T12:27:14.144+0000] {processor.py:839} INFO - DAG(s) dict_keys(['analytics_marts']) retrieved from /opt/airflow/dags/analytics_marts.py
[2026-03-08T12:27:14.283+0000] {logging_mixin.py:151} INFO - [2026-03-08T12:27:14.280+0000] {dag.py:2915} INFO - Sync 1 DAGs
[2026-03-08T12:27:14.435+0000] {logging_mixin.py:151} INFO - [2026-03-08T12:27:14.434+0000] {dag.py:3696} INFO - Setting next_dagrun for analytics_marts to 2026-03-08T10:30:00+00:00, run_after=2026-03-08T11:30:00+00:00
[2026-03-08T12:27:14.518+0000] {processor.py:179} INFO - Processing /opt/airflow/dags/analytics_marts.py took 0.474 seconds
[2026-03-08T12:27:44.707+0000] {processor.py:157} INFO - Started process (PID=530) to work on /opt/airflow/dags/analytics_marts.py
[2026-03-08T12:27:44.709+0000] {processor.py:829} INFO - Processing file /opt/airflow/dags/analytics_marts.py for tasks to queue
[2026-03-08T12:27:44.722+0000] {logging_mixin.py:151} INFO - [2026-03-08T12:27:44.718+0000] {dagbag.py:539} INFO - Filling up the DagBag from /opt/airflow/dags/analytics_marts.py
[2026-03-08T12:27:44.764+0000] {processor.py:839} INFO - DAG(s) dict_keys(['analytics_marts']) retrieved from /opt/airflow/dags/analytics_marts.py
[2026-03-08T12:27:44.884+0000] {logging_mixin.py:151} INFO - [2026-03-08T12:27:44.877+0000] {dag.py:2915} INFO - Sync 1 DAGs
[2026-03-08T12:27:45.073+0000] {logging_mixin.py:151} INFO - [2026-03-08T12:27:45.073+0000] {dag.py:3696} INFO - Setting next_dagrun for analytics_marts to 2026-03-08T10:30:00+00:00, run_after=2026-03-08T11:30:00+00:00
[2026-03-08T12:27:45.135+0000] {processor.py:179} INFO - Processing /opt/airflow/dags/analytics_marts.py took 0.444 seconds
[2026-03-08T12:28:15.521+0000] {processor.py:157} INFO - Started process (PID=540) to work on /opt/airflow/dags/analytics_marts.py
[2026-03-08T12:28:15.527+0000] {processor.py:829} INFO - Processing file /opt/airflow/dags/analytics_marts.py for tasks to queue
[2026-03-08T12:28:15.537+0000] {logging_mixin.py:151} INFO - [2026-03-08T12:28:15.536+0000] {dagbag.py:539} INFO - Filling up the DagBag from /opt/airflow/dags/analytics_marts.py
[2026-03-08T12:28:15.579+0000] {processor.py:839} INFO - DAG(s) dict_keys(['analytics_marts']) retrieved from /opt/airflow/dags/analytics_marts.py
[2026-03-08T12:28:15.827+0000] {logging_mixin.py:151} INFO - [2026-03-08T12:28:15.826+0000] {dag.py:2915} INFO - Sync 1 DAGs
[2026-03-08T12:28:15.885+0000] {logging_mixin.py:151} INFO - [2026-03-08T12:28:15.885+0000] {dag.py:3696} INFO - Setting next_dagrun for analytics_marts to 2026-03-08T10:30:00+00:00, run_after=2026-03-08T11:30:00+00:00
[2026-03-08T12:28:15.926+0000] {processor.py:179} INFO - Processing /opt/airflow/dags/analytics_marts.py took 0.419 seconds
[2026-03-08T12:28:45.980+0000] {processor.py:157} INFO - Started process (PID=550) to work on /opt/airflow/dags/analytics_marts.py
[2026-03-08T12:28:45.982+0000] {processor.py:829} INFO - Processing file /opt/airflow/dags/analytics_marts.py for tasks to queue
[2026-03-08T12:28:45.987+0000] {logging_mixin.py:151} INFO - [2026-03-08T12:28:45.985+0000] {dagbag.py:539} INFO - Filling up the DagBag from /opt/airflow/dags/analytics_marts.py
[2026-03-08T12:28:46.014+0000] {processor.py:839} INFO - DAG(s) dict_keys(['analytics_marts']) retrieved from /opt/airflow/dags/analytics_marts.py
[2026-03-08T12:28:46.072+0000] {logging_mixin.py:151} INFO - [2026-03-08T12:28:46.072+0000] {dag.py:2915} INFO - Sync 1 DAGs
[2026-03-08T12:28:46.116+0000] {logging_mixin.py:151} INFO - [2026-03-08T12:28:46.115+0000] {dag.py:3696} INFO - Setting next_dagrun for analytics_marts to 2026-03-08T10:30:00+00:00, run_after=2026-03-08T11:30:00+00:00
[2026-03-08T12:28:46.152+0000] {processor.py:179} INFO - Processing /opt/airflow/dags/analytics_marts.py took 0.179 seconds
[2026-03-08T12:29:16.449+0000] {processor.py:157} INFO - Started process (PID=565) to work on /opt/airflow/dags/analytics_marts.py
[2026-03-08T12:29:16.451+0000] {processor.py:829} INFO - Processing file /opt/airflow/dags/analytics_marts.py for tasks to queue
[2026-03-08T12:29:16.463+0000] {logging_mixin.py:151} INFO - [2026-03-08T12:29:16.462+0000] {dagbag.py:539} INFO - Filling up the DagBag from /opt/airflow/dags/analytics_marts.py
[2026-03-08T12:29:16.506+0000] {processor.py:839} INFO - DAG(s) dict_keys(['analytics_marts']) retrieved from /opt/airflow/dags/analytics_marts.py
[2026-03-08T12:29:16.629+0000] {logging_mixin.py:151} INFO - [2026-03-08T12:29:16.628+0000] {dag.py:2915} INFO - Sync 1 DAGs
[2026-03-08T12:29:16.770+0000] {logging_mixin.py:151} INFO - [2026-03-08T12:29:16.769+0000] {dag.py:3696} INFO - Setting next_dagrun for analytics_marts to 2026-03-08T10:30:00+00:00, run_after=2026-03-08T11:30:00+00:00
[2026-03-08T12:29:16.846+0000] {processor.py:179} INFO - Processing /opt/airflow/dags/analytics_marts.py took 0.409 seconds
[2026-03-08T12:29:47.245+0000] {processor.py:157} INFO - Started process (PID=580) to work on /opt/airflow/dags/analytics_marts.py
[2026-03-08T12:29:47.246+0000] {processor.py:829} INFO - Processing file /opt/airflow/dags/analytics_marts.py for tasks to queue
[2026-03-08T12:29:47.252+0000] {logging_mixin.py:151} INFO - [2026-03-08T12:29:47.251+0000] {dagbag.py:539} INFO - Filling up the DagBag from /opt/airflow/dags/analytics_marts.py
[2026-03-08T12:29:47.281+0000] {processor.py:839} INFO - DAG(s) dict_keys(['analytics_marts']) retrieved from /opt/airflow/dags/analytics_marts.py
[2026-03-08T12:29:47.348+0000] {logging_mixin.py:151} INFO - [2026-03-08T12:29:47.347+0000] {dag.py:2915} INFO - Sync 1 DAGs
[2026-03-08T12:29:47.398+0000] {logging_mixin.py:151} INFO - [2026-03-08T12:29:47.397+0000] {dag.py:3696} INFO - Setting next_dagrun for analytics_marts to 2026-03-08T10:30:00+00:00, run_after=2026-03-08T11:30:00+00:00
[2026-03-08T12:29:47.440+0000] {processor.py:179} INFO - Processing /opt/airflow/dags/analytics_marts.py took 0.202 seconds
[2026-03-08T12:30:18.011+0000] {processor.py:157} INFO - Started process (PID=590) to work on /opt/airflow/dags/analytics_marts.py
[2026-03-08T12:30:18.014+0000] {processor.py:829} INFO - Processing file /opt/airflow/dags/analytics_marts.py for tasks to queue
[2026-03-08T12:30:18.019+0000] {logging_mixin.py:151} INFO - [2026-03-08T12:30:18.019+0000] {dagbag.py:539} INFO - Filling up the DagBag from /opt/airflow/dags/analytics_marts.py
[2026-03-08T12:30:18.042+0000] {processor.py:839} INFO - DAG(s) dict_keys(['analytics_marts']) retrieved from /opt/airflow/dags/analytics_marts.py
[2026-03-08T12:30:18.103+0000] {logging_mixin.py:151} INFO - [2026-03-08T12:30:18.102+0000] {dag.py:2915} INFO - Sync 1 DAGs
[2026-03-08T12:30:18.207+0000] {logging_mixin.py:151} INFO - [2026-03-08T12:30:18.207+0000] {dag.py:3696} INFO - Setting next_dagrun for analytics_marts to 2026-03-08T11:30:00+00:00, run_after=2026-03-08T12:30:00+00:00
[2026-03-08T12:30:18.243+0000] {processor.py:179} INFO - Processing /opt/airflow/dags/analytics_marts.py took 0.245 seconds
[2026-03-08T12:30:48.571+0000] {processor.py:157} INFO - Started process (PID=600) to work on /opt/airflow/dags/analytics_marts.py
[2026-03-08T12:30:48.573+0000] {processor.py:829} INFO - Processing file /opt/airflow/dags/analytics_marts.py for tasks to queue
[2026-03-08T12:30:48.577+0000] {logging_mixin.py:151} INFO - [2026-03-08T12:30:48.577+0000] {dagbag.py:539} INFO - Filling up the DagBag from /opt/airflow/dags/analytics_marts.py
[2026-03-08T12:30:48.597+0000] {processor.py:839} INFO - DAG(s) dict_keys(['analytics_marts']) retrieved from /opt/airflow/dags/analytics_marts.py
[2026-03-08T12:30:48.650+0000] {logging_mixin.py:151} INFO - [2026-03-08T12:30:48.649+0000] {dag.py:2915} INFO - Sync 1 DAGs
[2026-03-08T12:30:48.688+0000] {logging_mixin.py:151} INFO - [2026-03-08T12:30:48.688+0000] {dag.py:3696} INFO - Setting next_dagrun for analytics_marts to 2026-03-08T11:30:00+00:00, run_after=2026-03-08T12:30:00+00:00
[2026-03-08T12:30:48.721+0000] {processor.py:179} INFO - Processing /opt/airflow/dags/analytics_marts.py took 0.156 seconds
[2026-03-08T12:31:19.051+0000] {processor.py:157} INFO - Started process (PID=630) to work on /opt/airflow/dags/analytics_marts.py
[2026-03-08T12:31:19.053+0000] {processor.py:829} INFO - Processing file /opt/airflow/dags/analytics_marts.py for tasks to queue
[2026-03-08T12:31:19.058+0000] {logging_mixin.py:151} INFO - [2026-03-08T12:31:19.058+0000] {dagbag.py:539} INFO - Filling up the DagBag from /opt/airflow/dags/analytics_marts.py
[2026-03-08T12:31:19.078+0000] {processor.py:839} INFO - DAG(s) dict_keys(['analytics_marts']) retrieved from /opt/airflow/dags/analytics_marts.py
[2026-03-08T12:31:19.131+0000] {logging_mixin.py:151} INFO - [2026-03-08T12:31:19.130+0000] {dag.py:2915} INFO - Sync 1 DAGs
[2026-03-08T12:31:19.167+0000] {logging_mixin.py:151} INFO - [2026-03-08T12:31:19.167+0000] {dag.py:3696} INFO - Setting next_dagrun for analytics_marts to 2026-03-08T11:30:00+00:00, run_after=2026-03-08T12:30:00+00:00
[2026-03-08T12:31:19.195+0000] {processor.py:179} INFO - Processing /opt/airflow/dags/analytics_marts.py took 0.150 seconds
[2026-03-08T12:31:49.401+0000] {processor.py:157} INFO - Started process (PID=640) to work on /opt/airflow/dags/analytics_marts.py
[2026-03-08T12:31:49.402+0000] {processor.py:829} INFO - Processing file /opt/airflow/dags/analytics_marts.py for tasks to queue
[2026-03-08T12:31:49.408+0000] {logging_mixin.py:151} INFO - [2026-03-08T12:31:49.407+0000] {dagbag.py:539} INFO - Filling up the DagBag from /opt/airflow/dags/analytics_marts.py
[2026-03-08T12:31:49.435+0000] {processor.py:839} INFO - DAG(s) dict_keys(['analytics_marts']) retrieved from /opt/airflow/dags/analytics_marts.py
[2026-03-08T12:31:49.488+0000] {logging_mixin.py:151} INFO - [2026-03-08T12:31:49.487+0000] {dag.py:2915} INFO - Sync 1 DAGs
[2026-03-08T12:31:49.526+0000] {logging_mixin.py:151} INFO - [2026-03-08T12:31:49.526+0000] {dag.py:3696} INFO - Setting next_dagrun for analytics_marts to 2026-03-08T11:30:00+00:00, run_after=2026-03-08T12:30:00+00:00
[2026-03-08T12:31:49.561+0000] {processor.py:179} INFO - Processing /opt/airflow/dags/analytics_marts.py took 0.167 seconds
[2026-03-08T12:32:19.826+0000] {processor.py:157} INFO - Started process (PID=650) to work on /opt/airflow/dags/analytics_marts.py
[2026-03-08T12:32:19.828+0000] {processor.py:829} INFO - Processing file /opt/airflow/dags/analytics_marts.py for tasks to queue
[2026-03-08T12:32:19.833+0000] {logging_mixin.py:151} INFO - [2026-03-08T12:32:19.833+0000] {dagbag.py:539} INFO - Filling up the DagBag from /opt/airflow/dags/analytics_marts.py
[2026-03-08T12:32:19.855+0000] {processor.py:839} INFO - DAG(s) dict_keys(['analytics_marts']) retrieved from /opt/airflow/dags/analytics_marts.py
[2026-03-08T12:32:19.907+0000] {logging_mixin.py:151} INFO - [2026-03-08T12:32:19.906+0000] {dag.py:2915} INFO - Sync 1 DAGs
[2026-03-08T12:32:19.940+0000] {logging_mixin.py:151} INFO - [2026-03-08T12:32:19.939+0000] {dag.py:3696} INFO - Setting next_dagrun for analytics_marts to 2026-03-08T11:30:00+00:00, run_after=2026-03-08T12:30:00+00:00
[2026-03-08T12:32:19.976+0000] {processor.py:179} INFO - Processing /opt/airflow/dags/analytics_marts.py took 0.156 seconds
[2026-03-08T12:32:50.551+0000] {processor.py:157} INFO - Started process (PID=660) to work on /opt/airflow/dags/analytics_marts.py
[2026-03-08T12:32:50.553+0000] {processor.py:829} INFO - Processing file /opt/airflow/dags/analytics_marts.py for tasks to queue
[2026-03-08T12:32:50.557+0000] {logging_mixin.py:151} INFO - [2026-03-08T12:32:50.557+0000] {dagbag.py:539} INFO - Filling up the DagBag from /opt/airflow/dags/analytics_marts.py
[2026-03-08T12:32:50.577+0000] {processor.py:839} INFO - DAG(s) dict_keys(['analytics_marts']) retrieved from /opt/airflow/dags/analytics_marts.py
[2026-03-08T12:32:50.629+0000] {logging_mixin.py:151} INFO - [2026-03-08T12:32:50.628+0000] {dag.py:2915} INFO - Sync 1 DAGs
[2026-03-08T12:32:50.664+0000] {logging_mixin.py:151} INFO - [2026-03-08T12:32:50.663+0000] {dag.py:3696} INFO - Setting next_dagrun for analytics_marts to 2026-03-08T11:30:00+00:00, run_after=2026-03-08T12:30:00+00:00
[2026-03-08T12:32:50.692+0000] {processor.py:179} INFO - Processing /opt/airflow/dags/analytics_marts.py took 0.146 seconds
[2026-03-08T12:33:20.980+0000] {processor.py:157} INFO - Started process (PID=670) to work on /opt/airflow/dags/analytics_marts.py
[2026-03-08T12:33:20.982+0000] {processor.py:829} INFO - Processing file /opt/airflow/dags/analytics_marts.py for tasks to queue
[2026-03-08T12:33:20.986+0000] {logging_mixin.py:151} INFO - [2026-03-08T12:33:20.985+0000] {dagbag.py:539} INFO - Filling up the DagBag from /opt/airflow/dags/analytics_marts.py
[2026-03-08T12:33:21.006+0000] {processor.py:839} INFO - DAG(s) dict_keys(['analytics_marts']) retrieved from /opt/airflow/dags/analytics_marts.py
[2026-03-08T12:33:21.053+0000] {logging_mixin.py:151} INFO - [2026-03-08T12:33:21.053+0000] {dag.py:2915} INFO - Sync 1 DAGs
[2026-03-08T12:33:21.099+0000] {logging_mixin.py:151} INFO - [2026-03-08T12:33:21.098+0000] {dag.py:3696} INFO - Setting next_dagrun for analytics_marts to 2026-03-08T11:30:00+00:00, run_after=2026-03-08T12:30:00+00:00
[2026-03-08T12:33:21.130+0000] {processor.py:179} INFO - Processing /opt/airflow/dags/analytics_marts.py took 0.154 seconds
[2026-03-08T12:33:51.368+0000] {processor.py:157} INFO - Started process (PID=680) to work on /opt/airflow/dags/analytics_marts.py
[2026-03-08T12:33:51.369+0000] {processor.py:829} INFO - Processing file /opt/airflow/dags/analytics_marts.py for tasks to queue
[2026-03-08T12:33:51.373+0000] {logging_mixin.py:151} INFO - [2026-03-08T12:33:51.373+0000] {dagbag.py:539} INFO - Filling up the DagBag from /opt/airflow/dags/analytics_marts.py
[2026-03-08T12:33:51.390+0000] {processor.py:839} INFO - DAG(s) dict_keys(['analytics_marts']) retrieved from /opt/airflow/dags/analytics_marts.py
[2026-03-08T12:33:51.437+0000] {logging_mixin.py:151} INFO - [2026-03-08T12:33:51.437+0000] {dag.py:2915} INFO - Sync 1 DAGs
[2026-03-08T12:33:51.472+0000] {logging_mixin.py:151} INFO - [2026-03-08T12:33:51.472+0000] {dag.py:3696} INFO - Setting next_dagrun for analytics_marts to 2026-03-08T11:30:00+00:00, run_after=2026-03-08T12:30:00+00:00
[2026-03-08T12:33:51.517+0000] {processor.py:179} INFO - Processing /opt/airflow/dags/analytics_marts.py took 0.154 seconds
[2026-03-08T12:34:21.819+0000] {processor.py:157} INFO - Started process (PID=690) to work on /opt/airflow/dags/analytics_marts.py
[2026-03-08T12:34:21.820+0000] {processor.py:829} INFO - Processing file /opt/airflow/dags/analytics_marts.py for tasks to queue
[2026-03-08T12:34:21.824+0000] {logging_mixin.py:151} INFO - [2026-03-08T12:34:21.824+0000] {dagbag.py:539} INFO - Filling up the DagBag from /opt/airflow/dags/analytics_marts.py
[2026-03-08T12:34:21.844+0000] {processor.py:839} INFO - DAG(s) dict_keys(['analytics_marts']) retrieved from /opt/airflow/dags/analytics_marts.py
[2026-03-08T12:34:21.892+0000] {logging_mixin.py:151} INFO - [2026-03-08T12:34:21.891+0000] {dag.py:2915} INFO - Sync 1 DAGs
[2026-03-08T12:34:21.927+0000] {logging_mixin.py:151} INFO - [2026-03-08T12:34:21.926+0000] {dag.py:3696} INFO - Setting next_dagrun for analytics_marts to 2026-03-08T11:30:00+00:00, run_after=2026-03-08T12:30:00+00:00
[2026-03-08T12:34:21.970+0000] {processor.py:179} INFO - Processing /opt/airflow/dags/analytics_marts.py took 0.156 seconds
[2026-03-08T12:34:52.254+0000] {processor.py:157} INFO - Started process (PID=705) to work on /opt/airflow/dags/analytics_marts.py
[2026-03-08T12:34:52.255+0000] {processor.py:829} INFO - Processing file /opt/airflow/dags/analytics_marts.py for tasks to queue
[2026-03-08T12:34:52.261+0000] {logging_mixin.py:151} INFO - [2026-03-08T12:34:52.261+0000] {dagbag.py:539} INFO - Filling up the DagBag from /opt/airflow/dags/analytics_marts.py
[2026-03-08T12:34:52.294+0000] {processor.py:839} INFO - DAG(s) dict_keys(['analytics_marts']) retrieved from /opt/airflow/dags/analytics_marts.py
[2026-03-08T12:34:52.355+0000] {logging_mixin.py:151} INFO - [2026-03-08T12:34:52.353+0000] {dag.py:2915} INFO - Sync 1 DAGs
[2026-03-08T12:34:52.413+0000] {logging_mixin.py:151} INFO - [2026-03-08T12:34:52.413+0000] {dag.py:3696} INFO - Setting next_dagrun for analytics_marts to 2026-03-08T11:30:00+00:00, run_after=2026-03-08T12:30:00+00:00
[2026-03-08T12:34:52.451+0000] {processor.py:179} INFO - Processing /opt/airflow/dags/analytics_marts.py took 0.206 seconds
[2026-03-08T12:35:22.611+0000] {processor.py:157} INFO - Started process (PID=715) to work on /opt/airflow/dags/analytics_marts.py
[2026-03-08T12:35:22.613+0000] {processor.py:829} INFO - Processing file /opt/airflow/dags/analytics_marts.py for tasks to queue
[2026-03-08T12:35:22.619+0000] {logging_mixin.py:151} INFO - [2026-03-08T12:35:22.619+0000] {dagbag.py:539} INFO - Filling up the DagBag from /opt/airflow/dags/analytics_marts.py
[2026-03-08T12:35:22.676+0000] {processor.py:839} INFO - DAG(s) dict_keys(['analytics_marts']) retrieved from /opt/airflow/dags/analytics_marts.py
[2026-03-08T12:35:22.741+0000] {logging_mixin.py:151} INFO - [2026-03-08T12:35:22.740+0000] {dag.py:2915} INFO - Sync 1 DAGs
[2026-03-08T12:35:22.783+0000] {logging_mixin.py:151} INFO - [2026-03-08T12:35:22.783+0000] {dag.py:3696} INFO - Setting next_dagrun for analytics_marts to 2026-03-08T11:30:00+00:00, run_after=2026-03-08T12:30:00+00:00
[2026-03-08T12:35:22.820+0000] {processor.py:179} INFO - Processing /opt/airflow/dags/analytics_marts.py took 0.216 seconds
[2026-03-08T12:35:53.122+0000] {processor.py:157} INFO - Started process (PID=725) to work on /opt/airflow/dags/analytics_marts.py
[2026-03-08T12:35:53.124+0000] {processor.py:829} INFO - Processing file /opt/airflow/dags/analytics_marts.py for tasks to queue
[2026-03-08T12:35:53.128+0000] {logging_mixin.py:151} INFO - [2026-03-08T12:35:53.128+0000] {dagbag.py:539} INFO - Filling up the DagBag from /opt/airflow/dags/analytics_marts.py
[2026-03-08T12:35:53.147+0000] {processor.py:839} INFO - DAG(s) dict_keys(['analytics_marts']) retrieved from /opt/airflow/dags/analytics_marts.py
[2026-03-08T12:35:53.196+0000] {logging_mixin.py:151} INFO - [2026-03-08T12:35:53.195+0000] {dag.py:2915} INFO - Sync 1 DAGs
[2026-03-08T12:35:53.231+0000] {logging_mixin.py:151} INFO - [2026-03-08T12:35:53.231+0000] {dag.py:3696} INFO - Setting next_dagrun for analytics_marts to 2026-03-08T11:30:00+00:00, run_after=2026-03-08T12:30:00+00:00
[2026-03-08T12:35:53.261+0000] {processor.py:179} INFO - Processing /opt/airflow/dags/analytics_marts.py took 0.144 seconds
[2026-03-08T12:36:24.160+0000] {processor.py:157} INFO - Started process (PID=745) to work on /opt/airflow/dags/analytics_marts.py
[2026-03-08T12:36:24.162+0000] {processor.py:829} INFO - Processing file /opt/airflow/dags/analytics_marts.py for tasks to queue
[2026-03-08T12:36:24.168+0000] {logging_mixin.py:151} INFO - [2026-03-08T12:36:24.167+0000] {dagbag.py:539} INFO - Filling up the DagBag from /opt/airflow/dags/analytics_marts.py
[2026-03-08T12:36:24.192+0000] {processor.py:839} INFO - DAG(s) dict_keys(['analytics_marts']) retrieved from /opt/airflow/dags/analytics_marts.py
[2026-03-08T12:36:24.262+0000] {logging_mixin.py:151} INFO - [2026-03-08T12:36:24.261+0000] {dag.py:2915} INFO - Sync 1 DAGs
[2026-03-08T12:36:24.316+0000] {logging_mixin.py:151} INFO - [2026-03-08T12:36:24.316+0000] {dag.py:3696} INFO - Setting next_dagrun for analytics_marts to 2026-03-08T11:30:00+00:00, run_after=2026-03-08T12:30:00+00:00
[2026-03-08T12:36:24.380+0000] {processor.py:179} INFO - Processing /opt/airflow/dags/analytics_marts.py took 0.227 seconds
[2026-03-08T12:36:54.812+0000] {processor.py:157} INFO - Started process (PID=760) to work on /opt/airflow/dags/analytics_marts.py
[2026-03-08T12:36:54.814+0000] {processor.py:829} INFO - Processing file /opt/airflow/dags/analytics_marts.py for tasks to queue
[2026-03-08T12:36:54.819+0000] {logging_mixin.py:151} INFO - [2026-03-08T12:36:54.818+0000] {dagbag.py:539} INFO - Filling up the DagBag from /opt/airflow/dags/analytics_marts.py
[2026-03-08T12:36:54.842+0000] {processor.py:839} INFO - DAG(s) dict_keys(['analytics_marts']) retrieved from /opt/airflow/dags/analytics_marts.py
[2026-03-08T12:36:54.895+0000] {logging_mixin.py:151} INFO - [2026-03-08T12:36:54.894+0000] {dag.py:2915} INFO - Sync 1 DAGs
[2026-03-08T12:36:54.933+0000] {logging_mixin.py:151} INFO - [2026-03-08T12:36:54.933+0000] {dag.py:3696} INFO - Setting next_dagrun for analytics_marts to 2026-03-08T11:30:00+00:00, run_after=2026-03-08T12:30:00+00:00
[2026-03-08T12:36:54.977+0000] {processor.py:179} INFO - Processing /opt/airflow/dags/analytics_marts.py took 0.175 seconds
[2026-03-08T12:37:25.573+0000] {processor.py:157} INFO - Started process (PID=775) to work on /opt/airflow/dags/analytics_marts.py
[2026-03-08T12:37:25.575+0000] {processor.py:829} INFO - Processing file /opt/airflow/dags/analytics_marts.py for tasks to queue
[2026-03-08T12:37:25.579+0000] {logging_mixin.py:151} INFO - [2026-03-08T12:37:25.578+0000] {dagbag.py:539} INFO - Filling up the DagBag from /opt/airflow/dags/analytics_marts.py
[2026-03-08T12:37:25.598+0000] {processor.py:839} INFO - DAG(s) dict_keys(['analytics_marts']) retrieved from /opt/airflow/dags/analytics_marts.py
[2026-03-08T12:37:25.649+0000] {logging_mixin.py:151} INFO - [2026-03-08T12:37:25.648+0000] {dag.py:2915} INFO - Sync 1 DAGs
[2026-03-08T12:37:25.685+0000] {logging_mixin.py:151} INFO - [2026-03-08T12:37:25.685+0000] {dag.py:3696} INFO - Setting next_dagrun for analytics_marts to 2026-03-08T11:30:00+00:00, run_after=2026-03-08T12:30:00+00:00
[2026-03-08T12:37:25.718+0000] {processor.py:179} INFO - Processing /opt/airflow/dags/analytics_marts.py took 0.150 seconds
[2026-03-08T12:37:56.082+0000] {processor.py:157} INFO - Started process (PID=785) to work on /opt/airflow/dags/analytics_marts.py
[2026-03-08T12:37:56.083+0000] {processor.py:829} INFO - Processing file /opt/airflow/dags/analytics_marts.py for tasks to queue
[2026-03-08T12:37:56.087+0000] {logging_mixin.py:151} INFO - [2026-03-08T12:37:56.087+0000] {dagbag.py:539} INFO - Filling up the DagBag from /opt/airflow/dags/analytics_marts.py
[2026-03-08T12:37:56.108+0000] {processor.py:839} INFO - DAG(s) dict_keys(['analytics_marts']) retrieved from /opt/airflow/dags/analytics_marts.py
[2026-03-08T12:37:56.163+0000] {logging_mixin.py:151} INFO - [2026-03-08T12:37:56.163+0000] {dag.py:2915} INFO - Sync 1 DAGs
[2026-03-08T12:37:56.201+0000] {logging_mixin.py:151} INFO - [2026-03-08T12:37:56.201+0000] {dag.py:3696} INFO - Setting next_dagrun for analytics_marts to 2026-03-08T11:30:00+00:00, run_after=2026-03-08T12:30:00+00:00
[2026-03-08T12:37:56.230+0000] {processor.py:179} INFO - Processing /opt/airflow/dags/analytics_marts.py took 0.153 seconds
[2026-03-08T12:38:26.605+0000] {processor.py:157} INFO - Started process (PID=795) to work on /opt/airflow/dags/analytics_marts.py
[2026-03-08T12:38:26.606+0000] {processor.py:829} INFO - Processing file /opt/airflow/dags/analytics_marts.py for tasks to queue
[2026-03-08T12:38:26.611+0000] {logging_mixin.py:151} INFO - [2026-03-08T12:38:26.610+0000] {dagbag.py:539} INFO - Filling up the DagBag from /opt/airflow/dags/analytics_marts.py
[2026-03-08T12:38:26.631+0000] {processor.py:839} INFO - DAG(s) dict_keys(['analytics_marts']) retrieved from /opt/airflow/dags/analytics_marts.py
[2026-03-08T12:38:26.682+0000] {logging_mixin.py:151} INFO - [2026-03-08T12:38:26.681+0000] {dag.py:2915} INFO - Sync 1 DAGs
[2026-03-08T12:38:26.726+0000] {logging_mixin.py:151} INFO - [2026-03-08T12:38:26.726+0000] {dag.py:3696} INFO - Setting next_dagrun for analytics_marts to 2026-03-08T11:30:00+00:00, run_after=2026-03-08T12:30:00+00:00
[2026-03-08T12:38:26.759+0000] {processor.py:179} INFO - Processing /opt/airflow/dags/analytics_marts.py took 0.160 seconds
[2026-03-08T12:38:57.117+0000] {processor.py:157} INFO - Started process (PID=805) to work on /opt/airflow/dags/analytics_marts.py
[2026-03-08T12:38:57.119+0000] {processor.py:829} INFO - Processing file /opt/airflow/dags/analytics_marts.py for tasks to queue
[2026-03-08T12:38:57.124+0000] {logging_mixin.py:151} INFO - [2026-03-08T12:38:57.123+0000] {dagbag.py:539} INFO - Filling up the DagBag from /opt/airflow/dags/analytics_marts.py
[2026-03-08T12:38:57.143+0000] {processor.py:839} INFO - DAG(s) dict_keys(['analytics_marts']) retrieved from /opt/airflow/dags/analytics_marts.py
[2026-03-08T12:38:57.194+0000] {logging_mixin.py:151} INFO - [2026-03-08T12:38:57.194+0000] {dag.py:2915} INFO - Sync 1 DAGs
[2026-03-08T12:38:57.244+0000] {logging_mixin.py:151} INFO - [2026-03-08T12:38:57.243+0000] {dag.py:3696} INFO - Setting next_dagrun for analytics_marts to 2026-03-08T11:30:00+00:00, run_after=2026-03-08T12:30:00+00:00
[2026-03-08T12:38:57.275+0000] {processor.py:179} INFO - Processing /opt/airflow/dags/analytics_marts.py took 0.163 seconds
[2026-03-08T12:39:27.713+0000] {processor.py:157} INFO - Started process (PID=815) to work on /opt/airflow/dags/analytics_marts.py
[2026-03-08T12:39:27.717+0000] {processor.py:829} INFO - Processing file /opt/airflow/dags/analytics_marts.py for tasks to queue
[2026-03-08T12:39:27.724+0000] {logging_mixin.py:151} INFO - [2026-03-08T12:39:27.723+0000] {dagbag.py:539} INFO - Filling up the DagBag from /opt/airflow/dags/analytics_marts.py
[2026-03-08T12:39:27.761+0000] {processor.py:839} INFO - DAG(s) dict_keys(['analytics_marts']) retrieved from /opt/airflow/dags/analytics_marts.py
[2026-03-08T12:39:27.833+0000] {logging_mixin.py:151} INFO - [2026-03-08T12:39:27.832+0000] {dag.py:2915} INFO - Sync 1 DAGs
[2026-03-08T12:39:27.898+0000] {logging_mixin.py:151} INFO - [2026-03-08T12:39:27.896+0000] {dag.py:3696} INFO - Setting next_dagrun for analytics_marts to 2026-03-08T11:30:00+00:00, run_after=2026-03-08T12:30:00+00:00
[2026-03-08T12:39:27.942+0000] {processor.py:179} INFO - Processing /opt/airflow/dags/analytics_marts.py took 0.239 seconds
[2026-03-08T12:39:58.053+0000] {processor.py:157} INFO - Started process (PID=829) to work on /opt/airflow/dags/analytics_marts.py
[2026-03-08T12:39:58.056+0000] {processor.py:829} INFO - Processing file /opt/airflow/dags/analytics_marts.py for tasks to queue
[2026-03-08T12:39:58.060+0000] {logging_mixin.py:151} INFO - [2026-03-08T12:39:58.059+0000] {dagbag.py:539} INFO - Filling up the DagBag from /opt/airflow/dags/analytics_marts.py
[2026-03-08T12:39:58.095+0000] {processor.py:839} INFO - DAG(s) dict_keys(['analytics_marts']) retrieved from /opt/airflow/dags/analytics_marts.py
[2026-03-08T12:39:58.212+0000] {logging_mixin.py:151} INFO - [2026-03-08T12:39:58.211+0000] {dag.py:2915} INFO - Sync 1 DAGs
[2026-03-08T12:39:58.297+0000] {logging_mixin.py:151} INFO - [2026-03-08T12:39:58.296+0000] {dag.py:3696} INFO - Setting next_dagrun for analytics_marts to 2026-03-08T12:30:00+00:00, run_after=2026-03-08T13:30:00+00:00
[2026-03-08T12:39:58.355+0000] {processor.py:179} INFO - Processing /opt/airflow/dags/analytics_marts.py took 0.316 seconds
[2026-03-08T12:40:28.969+0000] {processor.py:157} INFO - Started process (PID=844) to work on /opt/airflow/dags/analytics_marts.py
[2026-03-08T12:40:28.972+0000] {processor.py:829} INFO - Processing file /opt/airflow/dags/analytics_marts.py for tasks to queue
[2026-03-08T12:40:28.981+0000] {logging_mixin.py:151} INFO - [2026-03-08T12:40:28.981+0000] {dagbag.py:539} INFO - Filling up the DagBag from /opt/airflow/dags/analytics_marts.py
[2026-03-08T12:40:29.008+0000] {processor.py:839} INFO - DAG(s) dict_keys(['analytics_marts']) retrieved from /opt/airflow/dags/analytics_marts.py
[2026-03-08T12:40:29.068+0000] {logging_mixin.py:151} INFO - [2026-03-08T12:40:29.067+0000] {dag.py:2915} INFO - Sync 1 DAGs
[2026-03-08T12:40:29.114+0000] {logging_mixin.py:151} INFO - [2026-03-08T12:40:29.114+0000] {dag.py:3696} INFO - Setting next_dagrun for analytics_marts to 2026-03-08T12:30:00+00:00, run_after=2026-03-08T13:30:00+00:00
[2026-03-08T12:40:29.143+0000] {processor.py:179} INFO - Processing /opt/airflow/dags/analytics_marts.py took 0.182 seconds
[2026-03-08T12:40:59.554+0000] {processor.py:157} INFO - Started process (PID=854) to work on /opt/airflow/dags/analytics_marts.py
[2026-03-08T12:40:59.556+0000] {processor.py:829} INFO - Processing file /opt/airflow/dags/analytics_marts.py for tasks to queue
[2026-03-08T12:40:59.561+0000] {logging_mixin.py:151} INFO - [2026-03-08T12:40:59.560+0000] {dagbag.py:539} INFO - Filling up the DagBag from /opt/airflow/dags/analytics_marts.py
[2026-03-08T12:40:59.583+0000] {processor.py:839} INFO - DAG(s) dict_keys(['analytics_marts']) retrieved from /opt/airflow/dags/analytics_marts.py
[2026-03-08T12:40:59.636+0000] {logging_mixin.py:151} INFO - [2026-03-08T12:40:59.636+0000] {dag.py:2915} INFO - Sync 1 DAGs
[2026-03-08T12:40:59.678+0000] {logging_mixin.py:151} INFO - [2026-03-08T12:40:59.678+0000] {dag.py:3696} INFO - Setting next_dagrun for analytics_marts to 2026-03-08T12:30:00+00:00, run_after=2026-03-08T13:30:00+00:00
[2026-03-08T12:40:59.707+0000] {processor.py:179} INFO - Processing /opt/airflow/dags/analytics_marts.py took 0.158 seconds
[2026-03-08T12:41:30.621+0000] {processor.py:157} INFO - Started process (PID=864) to work on /opt/airflow/dags/analytics_marts.py
[2026-03-08T12:41:30.622+0000] {processor.py:829} INFO - Processing file /opt/airflow/dags/analytics_marts.py for tasks to queue
[2026-03-08T12:41:30.656+0000] {logging_mixin.py:151} INFO - [2026-03-08T12:41:30.655+0000] {dagbag.py:539} INFO - Filling up the DagBag from /opt/airflow/dags/analytics_marts.py
[2026-03-08T12:41:30.704+0000] {processor.py:839} INFO - DAG(s) dict_keys(['analytics_marts']) retrieved from /opt/airflow/dags/analytics_marts.py
[2026-03-08T12:41:30.832+0000] {logging_mixin.py:151} INFO - [2026-03-08T12:41:30.831+0000] {dag.py:2915} INFO - Sync 1 DAGs
[2026-03-08T12:41:30.893+0000] {logging_mixin.py:151} INFO - [2026-03-08T12:41:30.892+0000] {dag.py:3696} INFO - Setting next_dagrun for analytics_marts to 2026-03-08T12:30:00+00:00, run_after=2026-03-08T13:30:00+00:00
[2026-03-08T12:41:30.927+0000] {processor.py:179} INFO - Processing /opt/airflow/dags/analytics_marts.py took 0.329 seconds
[2026-03-08T12:42:01.347+0000] {processor.py:157} INFO - Started process (PID=874) to work on /opt/airflow/dags/analytics_marts.py
[2026-03-08T12:42:01.351+0000] {processor.py:829} INFO - Processing file /opt/airflow/dags/analytics_marts.py for tasks to queue
[2026-03-08T12:42:01.357+0000] {logging_mixin.py:151} INFO - [2026-03-08T12:42:01.356+0000] {dagbag.py:539} INFO - Filling up the DagBag from /opt/airflow/dags/analytics_marts.py
[2026-03-08T12:42:01.379+0000] {processor.py:839} INFO - DAG(s) dict_keys(['analytics_marts']) retrieved from /opt/airflow/dags/analytics_marts.py
[2026-03-08T12:42:01.431+0000] {logging_mixin.py:151} INFO - [2026-03-08T12:42:01.430+0000] {dag.py:2915} INFO - Sync 1 DAGs
[2026-03-08T12:42:01.470+0000] {logging_mixin.py:151} INFO - [2026-03-08T12:42:01.470+0000] {dag.py:3696} INFO - Setting next_dagrun for analytics_marts to 2026-03-08T12:30:00+00:00, run_after=2026-03-08T13:30:00+00:00
[2026-03-08T12:42:01.500+0000] {processor.py:179} INFO - Processing /opt/airflow/dags/analytics_marts.py took 0.161 seconds
[2026-03-08T12:42:32.482+0000] {processor.py:157} INFO - Started process (PID=884) to work on /opt/airflow/dags/analytics_marts.py
[2026-03-08T12:42:32.484+0000] {processor.py:829} INFO - Processing file /opt/airflow/dags/analytics_marts.py for tasks to queue
[2026-03-08T12:42:32.492+0000] {logging_mixin.py:151} INFO - [2026-03-08T12:42:32.490+0000] {dagbag.py:539} INFO - Filling up the DagBag from /opt/airflow/dags/analytics_marts.py
[2026-03-08T12:42:32.544+0000] {processor.py:839} INFO - DAG(s) dict_keys(['analytics_marts']) retrieved from /opt/airflow/dags/analytics_marts.py
[2026-03-08T12:42:33.109+0000] {logging_mixin.py:151} INFO - [2026-03-08T12:42:33.108+0000] {dag.py:2915} INFO - Sync 1 DAGs
[2026-03-08T12:42:33.229+0000] {logging_mixin.py:151} INFO - [2026-03-08T12:42:33.229+0000] {dag.py:3696} INFO - Setting next_dagrun for analytics_marts to 2026-03-08T12:30:00+00:00, run_after=2026-03-08T13:30:00+00:00
[2026-03-08T12:42:33.303+0000] {processor.py:179} INFO - Processing /opt/airflow/dags/analytics_marts.py took 0.831 seconds
[2026-03-08T12:43:03.831+0000] {processor.py:157} INFO - Started process (PID=894) to work on /opt/airflow/dags/analytics_marts.py
[2026-03-08T12:43:03.833+0000] {processor.py:829} INFO - Processing file /opt/airflow/dags/analytics_marts.py for tasks to queue
[2026-03-08T12:43:03.837+0000] {logging_mixin.py:151} INFO - [2026-03-08T12:43:03.836+0000] {dagbag.py:539} INFO - Filling up the DagBag from /opt/airflow/dags/analytics_marts.py
[2026-03-08T12:43:03.860+0000] {processor.py:839} INFO - DAG(s) dict_keys(['analytics_marts']) retrieved from /opt/airflow/dags/analytics_marts.py
[2026-03-08T12:43:03.922+0000] {logging_mixin.py:151} INFO - [2026-03-08T12:43:03.921+0000] {dag.py:2915} INFO - Sync 1 DAGs
[2026-03-08T12:43:03.976+0000] {logging_mixin.py:151} INFO - [2026-03-08T12:43:03.975+0000] {dag.py:3696} INFO - Setting next_dagrun for analytics_marts to 2026-03-08T12:30:00+00:00, run_after=2026-03-08T13:30:00+00:00
[2026-03-08T12:43:04.030+0000] {processor.py:179} INFO - Processing /opt/airflow/dags/analytics_marts.py took 0.206 seconds
[2026-03-08T12:43:34.646+0000] {processor.py:157} INFO - Started process (PID=904) to work on /opt/airflow/dags/analytics_marts.py
[2026-03-08T12:43:34.649+0000] {processor.py:829} INFO - Processing file /opt/airflow/dags/analytics_marts.py for tasks to queue
[2026-03-08T12:43:34.656+0000] {logging_mixin.py:151} INFO - [2026-03-08T12:43:34.655+0000] {dagbag.py:539} INFO - Filling up the DagBag from /opt/airflow/dags/analytics_marts.py
[2026-03-08T12:43:34.678+0000] {processor.py:839} INFO - DAG(s) dict_keys(['analytics_marts']) retrieved from /opt/airflow/dags/analytics_marts.py
[2026-03-08T12:43:34.728+0000] {logging_mixin.py:151} INFO - [2026-03-08T12:43:34.727+0000] {dag.py:2915} INFO - Sync 1 DAGs
[2026-03-08T12:43:34.784+0000] {logging_mixin.py:151} INFO - [2026-03-08T12:43:34.783+0000] {dag.py:3696} INFO - Setting next_dagrun for analytics_marts to 2026-03-08T12:30:00+00:00, run_after=2026-03-08T13:30:00+00:00
[2026-03-08T12:43:34.829+0000] {processor.py:179} INFO - Processing /opt/airflow/dags/analytics_marts.py took 0.188 seconds
[2026-03-08T12:44:05.139+0000] {processor.py:157} INFO - Started process (PID=914) to work on /opt/airflow/dags/analytics_marts.py
[2026-03-08T12:44:05.141+0000] {processor.py:829} INFO - Processing file /opt/airflow/dags/analytics_marts.py for tasks to queue
[2026-03-08T12:44:05.144+0000] {logging_mixin.py:151} INFO - [2026-03-08T12:44:05.144+0000] {dagbag.py:539} INFO - Filling up the DagBag from /opt/airflow/dags/analytics_marts.py
[2026-03-08T12:44:05.164+0000] {processor.py:839} INFO - DAG(s) dict_keys(['analytics_marts']) retrieved from /opt/airflow/dags/analytics_marts.py
[2026-03-08T12:44:05.212+0000] {logging_mixin.py:151} INFO - [2026-03-08T12:44:05.211+0000] {dag.py:2915} INFO - Sync 1 DAGs
[2026-03-08T12:44:05.264+0000] {logging_mixin.py:151} INFO - [2026-03-08T12:44:05.264+0000] {dag.py:3696} INFO - Setting next_dagrun for analytics_marts to 2026-03-08T12:30:00+00:00, run_after=2026-03-08T13:30:00+00:00
[2026-03-08T12:44:05.319+0000] {processor.py:179} INFO - Processing /opt/airflow/dags/analytics_marts.py took 0.186 seconds
[2026-03-08T12:44:35.706+0000] {processor.py:157} INFO - Started process (PID=924) to work on /opt/airflow/dags/analytics_marts.py
[2026-03-08T12:44:35.708+0000] {processor.py:829} INFO - Processing file /opt/airflow/dags/analytics_marts.py for tasks to queue
[2026-03-08T12:44:35.713+0000] {logging_mixin.py:151} INFO - [2026-03-08T12:44:35.713+0000] {dagbag.py:539} INFO - Filling up the DagBag from /opt/airflow/dags/analytics_marts.py
[2026-03-08T12:44:35.734+0000] {processor.py:839} INFO - DAG(s) dict_keys(['analytics_marts']) retrieved from /opt/airflow/dags/analytics_marts.py
[2026-03-08T12:44:35.892+0000] {logging_mixin.py:151} INFO - [2026-03-08T12:44:35.891+0000] {dag.py:2915} INFO - Sync 1 DAGs
[2026-03-08T12:44:35.939+0000] {logging_mixin.py:151} INFO - [2026-03-08T12:44:35.939+0000] {dag.py:3696} INFO - Setting next_dagrun for analytics_marts to 2026-03-08T12:30:00+00:00, run_after=2026-03-08T13:30:00+00:00
[2026-03-08T12:44:35.976+0000] {processor.py:179} INFO - Processing /opt/airflow/dags/analytics_marts.py took 0.276 seconds
[2026-03-08T12:45:06.123+0000] {processor.py:157} INFO - Started process (PID=934) to work on /opt/airflow/dags/analytics_marts.py
[2026-03-08T12:45:06.126+0000] {processor.py:829} INFO - Processing file /opt/airflow/dags/analytics_marts.py for tasks to queue
[2026-03-08T12:45:06.130+0000] {logging_mixin.py:151} INFO - [2026-03-08T12:45:06.130+0000] {dagbag.py:539} INFO - Filling up the DagBag from /opt/airflow/dags/analytics_marts.py
[2026-03-08T12:45:06.150+0000] {processor.py:839} INFO - DAG(s) dict_keys(['analytics_marts']) retrieved from /opt/airflow/dags/analytics_marts.py
[2026-03-08T12:45:06.203+0000] {logging_mixin.py:151} INFO - [2026-03-08T12:45:06.203+0000] {dag.py:2915} INFO - Sync 1 DAGs
[2026-03-08T12:45:06.243+0000] {logging_mixin.py:151} INFO - [2026-03-08T12:45:06.243+0000] {dag.py:3696} INFO - Setting next_dagrun for analytics_marts to 2026-03-08T12:30:00+00:00, run_after=2026-03-08T13:30:00+00:00
[2026-03-08T12:45:06.273+0000] {processor.py:179} INFO - Processing /opt/airflow/dags/analytics_marts.py took 0.164 seconds
[2026-03-08T12:45:36.892+0000] {processor.py:157} INFO - Started process (PID=944) to work on /opt/airflow/dags/analytics_marts.py
[2026-03-08T12:45:36.895+0000] {processor.py:829} INFO - Processing file /opt/airflow/dags/analytics_marts.py for tasks to queue
[2026-03-08T12:45:36.900+0000] {logging_mixin.py:151} INFO - [2026-03-08T12:45:36.899+0000] {dagbag.py:539} INFO - Filling up the DagBag from /opt/airflow/dags/analytics_marts.py
[2026-03-08T12:45:36.928+0000] {processor.py:839} INFO - DAG(s) dict_keys(['analytics_marts']) retrieved from /opt/airflow/dags/analytics_marts.py
[2026-03-08T12:45:36.992+0000] {logging_mixin.py:151} INFO - [2026-03-08T12:45:36.992+0000] {dag.py:2915} INFO - Sync 1 DAGs
[2026-03-08T12:45:37.041+0000] {logging_mixin.py:151} INFO - [2026-03-08T12:45:37.039+0000] {dag.py:3696} INFO - Setting next_dagrun for analytics_marts to 2026-03-08T12:30:00+00:00, run_after=2026-03-08T13:30:00+00:00
[2026-03-08T12:45:37.073+0000] {processor.py:179} INFO - Processing /opt/airflow/dags/analytics_marts.py took 0.190 seconds
[2026-03-08T12:46:07.348+0000] {processor.py:157} INFO - Started process (PID=954) to work on /opt/airflow/dags/analytics_marts.py
[2026-03-08T12:46:07.350+0000] {processor.py:829} INFO - Processing file /opt/airflow/dags/analytics_marts.py for tasks to queue
[2026-03-08T12:46:07.354+0000] {logging_mixin.py:151} INFO - [2026-03-08T12:46:07.354+0000] {dagbag.py:539} INFO - Filling up the DagBag from /opt/airflow/dags/analytics_marts.py
[2026-03-08T12:46:07.377+0000] {processor.py:839} INFO - DAG(s) dict_keys(['analytics_marts']) retrieved from /opt/airflow/dags/analytics_marts.py
[2026-03-08T12:46:07.431+0000] {logging_mixin.py:151} INFO - [2026-03-08T12:46:07.430+0000] {dag.py:2915} INFO - Sync 1 DAGs
[2026-03-08T12:46:07.472+0000] {logging_mixin.py:151} INFO - [2026-03-08T12:46:07.472+0000] {dag.py:3696} INFO - Setting next_dagrun for analytics_marts to 2026-03-08T12:30:00+00:00, run_after=2026-03-08T13:30:00+00:00
[2026-03-08T12:46:07.504+0000] {processor.py:179} INFO - Processing /opt/airflow/dags/analytics_marts.py took 0.164 seconds
[2026-03-08T12:46:37.962+0000] {processor.py:157} INFO - Started process (PID=964) to work on /opt/airflow/dags/analytics_marts.py
[2026-03-08T12:46:37.963+0000] {processor.py:829} INFO - Processing file /opt/airflow/dags/analytics_marts.py for tasks to queue
[2026-03-08T12:46:37.967+0000] {logging_mixin.py:151} INFO - [2026-03-08T12:46:37.966+0000] {dagbag.py:539} INFO - Filling up the DagBag from /opt/airflow/dags/analytics_marts.py
[2026-03-08T12:46:37.987+0000] {processor.py:839} INFO - DAG(s) dict_keys(['analytics_marts']) retrieved from /opt/airflow/dags/analytics_marts.py
[2026-03-08T12:46:38.038+0000] {logging_mixin.py:151} INFO - [2026-03-08T12:46:38.038+0000] {dag.py:2915} INFO - Sync 1 DAGs
[2026-03-08T12:46:38.075+0000] {logging_mixin.py:151} INFO - [2026-03-08T12:46:38.075+0000] {dag.py:3696} INFO - Setting next_dagrun for analytics_marts to 2026-03-08T12:30:00+00:00, run_after=2026-03-08T13:30:00+00:00
[2026-03-08T12:46:38.105+0000] {processor.py:179} INFO - Processing /opt/airflow/dags/analytics_marts.py took 0.148 seconds
[2026-03-08T12:47:08.791+0000] {processor.py:157} INFO - Started process (PID=974) to work on /opt/airflow/dags/analytics_marts.py
[2026-03-08T12:47:08.793+0000] {processor.py:829} INFO - Processing file /opt/airflow/dags/analytics_marts.py for tasks to queue
[2026-03-08T12:47:08.797+0000] {logging_mixin.py:151} INFO - [2026-03-08T12:47:08.796+0000] {dagbag.py:539} INFO - Filling up the DagBag from /opt/airflow/dags/analytics_marts.py
[2026-03-08T12:47:08.825+0000] {processor.py:839} INFO - DAG(s) dict_keys(['analytics_marts']) retrieved from /opt/airflow/dags/analytics_marts.py
[2026-03-08T12:47:08.916+0000] {logging_mixin.py:151} INFO - [2026-03-08T12:47:08.916+0000] {dag.py:2915} INFO - Sync 1 DAGs
[2026-03-08T12:47:08.965+0000] {logging_mixin.py:151} INFO - [2026-03-08T12:47:08.965+0000] {dag.py:3696} INFO - Setting next_dagrun for analytics_marts to 2026-03-08T12:30:00+00:00, run_after=2026-03-08T13:30:00+00:00
[2026-03-08T12:47:09.003+0000] {processor.py:179} INFO - Processing /opt/airflow/dags/analytics_marts.py took 0.221 seconds
[2026-03-08T12:47:39.239+0000] {processor.py:157} INFO - Started process (PID=984) to work on /opt/airflow/dags/analytics_marts.py
[2026-03-08T12:47:39.241+0000] {processor.py:829} INFO - Processing file /opt/airflow/dags/analytics_marts.py for tasks to queue
[2026-03-08T12:47:39.244+0000] {logging_mixin.py:151} INFO - [2026-03-08T12:47:39.244+0000] {dagbag.py:539} INFO - Filling up the DagBag from /opt/airflow/dags/analytics_marts.py
[2026-03-08T12:47:39.264+0000] {processor.py:839} INFO - DAG(s) dict_keys(['analytics_marts']) retrieved from /opt/airflow/dags/analytics_marts.py
[2026-03-08T12:47:39.315+0000] {logging_mixin.py:151} INFO - [2026-03-08T12:47:39.314+0000] {dag.py:2915} INFO - Sync 1 DAGs
[2026-03-08T12:47:39.354+0000] {logging_mixin.py:151} INFO - [2026-03-08T12:47:39.353+0000] {dag.py:3696} INFO - Setting next_dagrun for analytics_marts to 2026-03-08T12:30:00+00:00, run_after=2026-03-08T13:30:00+00:00
[2026-03-08T12:47:39.384+0000] {processor.py:179} INFO - Processing /opt/airflow/dags/analytics_marts.py took 0.152 seconds
[2026-03-08T12:48:10.024+0000] {processor.py:157} INFO - Started process (PID=999) to work on /opt/airflow/dags/analytics_marts.py
[2026-03-08T12:48:10.032+0000] {processor.py:829} INFO - Processing file /opt/airflow/dags/analytics_marts.py for tasks to queue
[2026-03-08T12:48:10.046+0000] {logging_mixin.py:151} INFO - [2026-03-08T12:48:10.045+0000] {dagbag.py:539} INFO - Filling up the DagBag from /opt/airflow/dags/analytics_marts.py
[2026-03-08T12:48:10.091+0000] {processor.py:839} INFO - DAG(s) dict_keys(['analytics_marts']) retrieved from /opt/airflow/dags/analytics_marts.py
[2026-03-08T12:48:10.251+0000] {logging_mixin.py:151} INFO - [2026-03-08T12:48:10.249+0000] {dag.py:2915} INFO - Sync 1 DAGs
[2026-03-08T12:48:10.361+0000] {logging_mixin.py:151} INFO - [2026-03-08T12:48:10.360+0000] {dag.py:3696} INFO - Setting next_dagrun for analytics_marts to 2026-03-08T12:30:00+00:00, run_after=2026-03-08T13:30:00+00:00
[2026-03-08T12:48:10.430+0000] {processor.py:179} INFO - Processing /opt/airflow/dags/analytics_marts.py took 0.437 seconds
[2026-03-08T12:48:41.010+0000] {processor.py:157} INFO - Started process (PID=1011) to work on /opt/airflow/dags/analytics_marts.py
[2026-03-08T12:48:41.012+0000] {processor.py:829} INFO - Processing file /opt/airflow/dags/analytics_marts.py for tasks to queue
[2026-03-08T12:48:41.015+0000] {logging_mixin.py:151} INFO - [2026-03-08T12:48:41.015+0000] {dagbag.py:539} INFO - Filling up the DagBag from /opt/airflow/dags/analytics_marts.py
[2026-03-08T12:48:41.036+0000] {processor.py:839} INFO - DAG(s) dict_keys(['analytics_marts']) retrieved from /opt/airflow/dags/analytics_marts.py
[2026-03-08T12:48:41.091+0000] {logging_mixin.py:151} INFO - [2026-03-08T12:48:41.091+0000] {dag.py:2915} INFO - Sync 1 DAGs
[2026-03-08T12:48:41.132+0000] {logging_mixin.py:151} INFO - [2026-03-08T12:48:41.131+0000] {dag.py:3696} INFO - Setting next_dagrun for analytics_marts to 2026-03-08T12:30:00+00:00, run_after=2026-03-08T13:30:00+00:00
[2026-03-08T12:48:41.162+0000] {processor.py:179} INFO - Processing /opt/airflow/dags/analytics_marts.py took 0.158 seconds
[2026-03-08T12:49:12.157+0000] {processor.py:157} INFO - Started process (PID=1021) to work on /opt/airflow/dags/analytics_marts.py
[2026-03-08T12:49:12.182+0000] {processor.py:829} INFO - Processing file /opt/airflow/dags/analytics_marts.py for tasks to queue
[2026-03-08T12:49:12.190+0000] {logging_mixin.py:151} INFO - [2026-03-08T12:49:12.189+0000] {dagbag.py:539} INFO - Filling up the DagBag from /opt/airflow/dags/analytics_marts.py
[2026-03-08T12:49:12.217+0000] {processor.py:839} INFO - DAG(s) dict_keys(['analytics_marts']) retrieved from /opt/airflow/dags/analytics_marts.py
[2026-03-08T12:49:12.293+0000] {logging_mixin.py:151} INFO - [2026-03-08T12:49:12.292+0000] {dag.py:2915} INFO - Sync 1 DAGs
[2026-03-08T12:49:12.357+0000] {logging_mixin.py:151} INFO - [2026-03-08T12:49:12.357+0000] {dag.py:3696} INFO - Setting next_dagrun for analytics_marts to 2026-03-08T12:30:00+00:00, run_after=2026-03-08T13:30:00+00:00
[2026-03-08T12:49:12.387+0000] {processor.py:179} INFO - Processing /opt/airflow/dags/analytics_marts.py took 0.329 seconds
[2026-03-08T12:49:42.781+0000] {processor.py:157} INFO - Started process (PID=1031) to work on /opt/airflow/dags/analytics_marts.py
[2026-03-08T12:49:42.784+0000] {processor.py:829} INFO - Processing file /opt/airflow/dags/analytics_marts.py for tasks to queue
[2026-03-08T12:49:42.795+0000] {logging_mixin.py:151} INFO - [2026-03-08T12:49:42.794+0000] {dagbag.py:539} INFO - Filling up the DagBag from /opt/airflow/dags/analytics_marts.py
[2026-03-08T12:49:42.830+0000] {processor.py:839} INFO - DAG(s) dict_keys(['analytics_marts']) retrieved from /opt/airflow/dags/analytics_marts.py
[2026-03-08T12:49:42.910+0000] {logging_mixin.py:151} INFO - [2026-03-08T12:49:42.909+0000] {dag.py:2915} INFO - Sync 1 DAGs
[2026-03-08T12:49:42.995+0000] {logging_mixin.py:151} INFO - [2026-03-08T12:49:42.995+0000] {dag.py:3696} INFO - Setting next_dagrun for analytics_marts to 2026-03-08T12:30:00+00:00, run_after=2026-03-08T13:30:00+00:00
[2026-03-08T12:49:43.060+0000] {processor.py:179} INFO - Processing /opt/airflow/dags/analytics_marts.py took 0.290 seconds
[2026-03-08T12:50:13.216+0000] {processor.py:157} INFO - Started process (PID=1046) to work on /opt/airflow/dags/analytics_marts.py
[2026-03-08T12:50:13.229+0000] {processor.py:829} INFO - Processing file /opt/airflow/dags/analytics_marts.py for tasks to queue
[2026-03-08T12:50:13.238+0000] {logging_mixin.py:151} INFO - [2026-03-08T12:50:13.234+0000] {dagbag.py:539} INFO - Filling up the DagBag from /opt/airflow/dags/analytics_marts.py
[2026-03-08T12:50:13.264+0000] {processor.py:839} INFO - DAG(s) dict_keys(['analytics_marts']) retrieved from /opt/airflow/dags/analytics_marts.py
[2026-03-08T12:50:13.342+0000] {logging_mixin.py:151} INFO - [2026-03-08T12:50:13.341+0000] {dag.py:2915} INFO - Sync 1 DAGs
[2026-03-08T12:50:13.414+0000] {logging_mixin.py:151} INFO - [2026-03-08T12:50:13.414+0000] {dag.py:3696} INFO - Setting next_dagrun for analytics_marts to 2026-03-08T12:30:00+00:00, run_after=2026-03-08T13:30:00+00:00
[2026-03-08T12:50:13.465+0000] {processor.py:179} INFO - Processing /opt/airflow/dags/analytics_marts.py took 0.274 seconds
[2026-03-08T12:50:44.428+0000] {processor.py:157} INFO - Started process (PID=1056) to work on /opt/airflow/dags/analytics_marts.py
[2026-03-08T12:50:44.435+0000] {processor.py:829} INFO - Processing file /opt/airflow/dags/analytics_marts.py for tasks to queue
[2026-03-08T12:50:44.439+0000] {logging_mixin.py:151} INFO - [2026-03-08T12:50:44.439+0000] {dagbag.py:539} INFO - Filling up the DagBag from /opt/airflow/dags/analytics_marts.py
[2026-03-08T12:50:44.462+0000] {processor.py:839} INFO - DAG(s) dict_keys(['analytics_marts']) retrieved from /opt/airflow/dags/analytics_marts.py
[2026-03-08T12:50:44.525+0000] {logging_mixin.py:151} INFO - [2026-03-08T12:50:44.523+0000] {dag.py:2915} INFO - Sync 1 DAGs
[2026-03-08T12:50:44.567+0000] {logging_mixin.py:151} INFO - [2026-03-08T12:50:44.566+0000] {dag.py:3696} INFO - Setting next_dagrun for analytics_marts to 2026-03-08T12:30:00+00:00, run_after=2026-03-08T13:30:00+00:00
[2026-03-08T12:50:44.608+0000] {processor.py:179} INFO - Processing /opt/airflow/dags/analytics_marts.py took 0.185 seconds
[2026-03-08T12:51:15.133+0000] {processor.py:157} INFO - Started process (PID=1066) to work on /opt/airflow/dags/analytics_marts.py
[2026-03-08T12:51:15.134+0000] {processor.py:829} INFO - Processing file /opt/airflow/dags/analytics_marts.py for tasks to queue
[2026-03-08T12:51:15.138+0000] {logging_mixin.py:151} INFO - [2026-03-08T12:51:15.137+0000] {dagbag.py:539} INFO - Filling up the DagBag from /opt/airflow/dags/analytics_marts.py
[2026-03-08T12:51:15.157+0000] {processor.py:839} INFO - DAG(s) dict_keys(['analytics_marts']) retrieved from /opt/airflow/dags/analytics_marts.py
[2026-03-08T12:51:15.208+0000] {logging_mixin.py:151} INFO - [2026-03-08T12:51:15.207+0000] {dag.py:2915} INFO - Sync 1 DAGs
[2026-03-08T12:51:15.262+0000] {logging_mixin.py:151} INFO - [2026-03-08T12:51:15.261+0000] {dag.py:3696} INFO - Setting next_dagrun for analytics_marts to 2026-03-08T12:30:00+00:00, run_after=2026-03-08T13:30:00+00:00
[2026-03-08T12:51:15.301+0000] {processor.py:179} INFO - Processing /opt/airflow/dags/analytics_marts.py took 0.174 seconds
[2026-03-08T12:51:45.633+0000] {processor.py:157} INFO - Started process (PID=1076) to work on /opt/airflow/dags/analytics_marts.py
[2026-03-08T12:51:45.635+0000] {processor.py:829} INFO - Processing file /opt/airflow/dags/analytics_marts.py for tasks to queue
[2026-03-08T12:51:45.639+0000] {logging_mixin.py:151} INFO - [2026-03-08T12:51:45.638+0000] {dagbag.py:539} INFO - Filling up the DagBag from /opt/airflow/dags/analytics_marts.py
[2026-03-08T12:51:45.659+0000] {processor.py:839} INFO - DAG(s) dict_keys(['analytics_marts']) retrieved from /opt/airflow/dags/analytics_marts.py
[2026-03-08T12:51:45.722+0000] {logging_mixin.py:151} INFO - [2026-03-08T12:51:45.721+0000] {dag.py:2915} INFO - Sync 1 DAGs
[2026-03-08T12:51:45.760+0000] {logging_mixin.py:151} INFO - [2026-03-08T12:51:45.760+0000] {dag.py:3696} INFO - Setting next_dagrun for analytics_marts to 2026-03-08T12:30:00+00:00, run_after=2026-03-08T13:30:00+00:00
[2026-03-08T12:51:45.789+0000] {processor.py:179} INFO - Processing /opt/airflow/dags/analytics_marts.py took 0.163 seconds
[2026-03-08T12:53:20.541+0000] {processor.py:157} INFO - Started process (PID=162) to work on /opt/airflow/dags/analytics_marts.py
[2026-03-08T12:53:20.549+0000] {processor.py:829} INFO - Processing file /opt/airflow/dags/analytics_marts.py for tasks to queue
[2026-03-08T12:53:20.579+0000] {logging_mixin.py:151} INFO - [2026-03-08T12:53:20.574+0000] {dagbag.py:539} INFO - Filling up the DagBag from /opt/airflow/dags/analytics_marts.py
[2026-03-08T12:53:20.695+0000] {processor.py:839} INFO - DAG(s) dict_keys(['analytics_marts']) retrieved from /opt/airflow/dags/analytics_marts.py
[2026-03-08T12:53:20.823+0000] {logging_mixin.py:151} INFO - [2026-03-08T12:53:20.821+0000] {dag.py:2915} INFO - Sync 1 DAGs
[2026-03-08T12:53:21.001+0000] {logging_mixin.py:151} INFO - [2026-03-08T12:53:21.000+0000] {dag.py:3696} INFO - Setting next_dagrun for analytics_marts to 2026-03-08T12:30:00+00:00, run_after=2026-03-08T13:30:00+00:00
[2026-03-08T12:53:21.114+0000] {processor.py:179} INFO - Processing /opt/airflow/dags/analytics_marts.py took 0.610 seconds
[2026-03-08T12:53:51.977+0000] {processor.py:157} INFO - Started process (PID=172) to work on /opt/airflow/dags/analytics_marts.py
[2026-03-08T12:53:51.980+0000] {processor.py:829} INFO - Processing file /opt/airflow/dags/analytics_marts.py for tasks to queue
[2026-03-08T12:53:51.987+0000] {logging_mixin.py:151} INFO - [2026-03-08T12:53:51.987+0000] {dagbag.py:539} INFO - Filling up the DagBag from /opt/airflow/dags/analytics_marts.py
[2026-03-08T12:53:52.086+0000] {processor.py:839} INFO - DAG(s) dict_keys(['analytics_marts']) retrieved from /opt/airflow/dags/analytics_marts.py
[2026-03-08T12:53:52.356+0000] {logging_mixin.py:151} INFO - [2026-03-08T12:53:52.351+0000] {dag.py:2915} INFO - Sync 1 DAGs
[2026-03-08T12:53:52.527+0000] {logging_mixin.py:151} INFO - [2026-03-08T12:53:52.526+0000] {dag.py:3696} INFO - Setting next_dagrun for analytics_marts to 2026-03-08T12:30:00+00:00, run_after=2026-03-08T13:30:00+00:00
[2026-03-08T12:53:52.618+0000] {processor.py:179} INFO - Processing /opt/airflow/dags/analytics_marts.py took 0.647 seconds
[2026-03-08T12:54:23.194+0000] {processor.py:157} INFO - Started process (PID=182) to work on /opt/airflow/dags/analytics_marts.py
[2026-03-08T12:54:23.251+0000] {processor.py:829} INFO - Processing file /opt/airflow/dags/analytics_marts.py for tasks to queue
[2026-03-08T12:54:23.349+0000] {logging_mixin.py:151} INFO - [2026-03-08T12:54:23.346+0000] {dagbag.py:539} INFO - Filling up the DagBag from /opt/airflow/dags/analytics_marts.py
[2026-03-08T12:54:23.782+0000] {processor.py:839} INFO - DAG(s) dict_keys(['analytics_marts']) retrieved from /opt/airflow/dags/analytics_marts.py
[2026-03-08T12:54:24.231+0000] {logging_mixin.py:151} INFO - [2026-03-08T12:54:24.227+0000] {dag.py:2915} INFO - Sync 1 DAGs
[2026-03-08T12:54:24.761+0000] {logging_mixin.py:151} INFO - [2026-03-08T12:54:24.752+0000] {dag.py:3696} INFO - Setting next_dagrun for analytics_marts to 2026-03-08T12:30:00+00:00, run_after=2026-03-08T13:30:00+00:00
[2026-03-08T12:54:25.079+0000] {processor.py:179} INFO - Processing /opt/airflow/dags/analytics_marts.py took 1.976 seconds
[2026-03-08T12:54:56.114+0000] {processor.py:157} INFO - Started process (PID=191) to work on /opt/airflow/dags/analytics_marts.py
[2026-03-08T12:54:56.131+0000] {processor.py:829} INFO - Processing file /opt/airflow/dags/analytics_marts.py for tasks to queue
[2026-03-08T12:54:56.134+0000] {logging_mixin.py:151} INFO - [2026-03-08T12:54:56.133+0000] {dagbag.py:539} INFO - Filling up the DagBag from /opt/airflow/dags/analytics_marts.py
[2026-03-08T12:54:56.155+0000] {processor.py:839} INFO - DAG(s) dict_keys(['analytics_marts']) retrieved from /opt/airflow/dags/analytics_marts.py
[2026-03-08T12:54:56.223+0000] {logging_mixin.py:151} INFO - [2026-03-08T12:54:56.222+0000] {dag.py:2915} INFO - Sync 1 DAGs
[2026-03-08T12:54:56.264+0000] {logging_mixin.py:151} INFO - [2026-03-08T12:54:56.264+0000] {dag.py:3696} INFO - Setting next_dagrun for analytics_marts to 2026-03-08T12:30:00+00:00, run_after=2026-03-08T13:30:00+00:00
[2026-03-08T12:54:56.298+0000] {processor.py:179} INFO - Processing /opt/airflow/dags/analytics_marts.py took 0.266 seconds
[2026-03-08T12:55:27.345+0000] {processor.py:157} INFO - Started process (PID=203) to work on /opt/airflow/dags/analytics_marts.py
[2026-03-08T12:55:27.378+0000] {processor.py:829} INFO - Processing file /opt/airflow/dags/analytics_marts.py for tasks to queue
[2026-03-08T12:55:27.401+0000] {logging_mixin.py:151} INFO - [2026-03-08T12:55:27.397+0000] {dagbag.py:539} INFO - Filling up the DagBag from /opt/airflow/dags/analytics_marts.py
[2026-03-08T12:55:27.766+0000] {processor.py:839} INFO - DAG(s) dict_keys(['analytics_marts']) retrieved from /opt/airflow/dags/analytics_marts.py
[2026-03-08T12:55:28.184+0000] {logging_mixin.py:151} INFO - [2026-03-08T12:55:28.183+0000] {dag.py:2915} INFO - Sync 1 DAGs
[2026-03-08T12:55:28.431+0000] {logging_mixin.py:151} INFO - [2026-03-08T12:55:28.431+0000] {dag.py:3696} INFO - Setting next_dagrun for analytics_marts to 2026-03-08T12:30:00+00:00, run_after=2026-03-08T13:30:00+00:00
[2026-03-08T12:55:28.494+0000] {processor.py:179} INFO - Processing /opt/airflow/dags/analytics_marts.py took 1.212 seconds
[2026-03-08T12:55:59.029+0000] {processor.py:157} INFO - Started process (PID=219) to work on /opt/airflow/dags/analytics_marts.py
[2026-03-08T12:55:59.034+0000] {processor.py:829} INFO - Processing file /opt/airflow/dags/analytics_marts.py for tasks to queue
[2026-03-08T12:55:59.044+0000] {logging_mixin.py:151} INFO - [2026-03-08T12:55:59.043+0000] {dagbag.py:539} INFO - Filling up the DagBag from /opt/airflow/dags/analytics_marts.py
[2026-03-08T12:55:59.212+0000] {processor.py:839} INFO - DAG(s) dict_keys(['analytics_marts']) retrieved from /opt/airflow/dags/analytics_marts.py
[2026-03-08T12:55:59.327+0000] {logging_mixin.py:151} INFO - [2026-03-08T12:55:59.326+0000] {dag.py:2915} INFO - Sync 1 DAGs
[2026-03-08T12:55:59.379+0000] {logging_mixin.py:151} INFO - [2026-03-08T12:55:59.378+0000] {dag.py:3696} INFO - Setting next_dagrun for analytics_marts to 2026-03-08T12:30:00+00:00, run_after=2026-03-08T13:30:00+00:00
[2026-03-08T12:55:59.416+0000] {processor.py:179} INFO - Processing /opt/airflow/dags/analytics_marts.py took 0.406 seconds
[2026-03-08T12:56:30.035+0000] {processor.py:157} INFO - Started process (PID=229) to work on /opt/airflow/dags/analytics_marts.py
[2026-03-08T12:56:30.037+0000] {processor.py:829} INFO - Processing file /opt/airflow/dags/analytics_marts.py for tasks to queue
[2026-03-08T12:56:30.041+0000] {logging_mixin.py:151} INFO - [2026-03-08T12:56:30.040+0000] {dagbag.py:539} INFO - Filling up the DagBag from /opt/airflow/dags/analytics_marts.py
[2026-03-08T12:56:30.068+0000] {processor.py:839} INFO - DAG(s) dict_keys(['analytics_marts']) retrieved from /opt/airflow/dags/analytics_marts.py
[2026-03-08T12:56:30.135+0000] {logging_mixin.py:151} INFO - [2026-03-08T12:56:30.134+0000] {dag.py:2915} INFO - Sync 1 DAGs
[2026-03-08T12:56:30.181+0000] {logging_mixin.py:151} INFO - [2026-03-08T12:56:30.181+0000] {dag.py:3696} INFO - Setting next_dagrun for analytics_marts to 2026-03-08T12:30:00+00:00, run_after=2026-03-08T13:30:00+00:00
[2026-03-08T12:56:30.220+0000] {processor.py:179} INFO - Processing /opt/airflow/dags/analytics_marts.py took 0.194 seconds
[2026-03-08T14:32:59.733+0000] {processor.py:157} INFO - Started process (PID=239) to work on /opt/airflow/dags/analytics_marts.py
[2026-03-08T14:32:59.748+0000] {processor.py:829} INFO - Processing file /opt/airflow/dags/analytics_marts.py for tasks to queue
[2026-03-08T14:32:59.759+0000] {logging_mixin.py:151} INFO - [2026-03-08T14:32:59.757+0000] {dagbag.py:539} INFO - Filling up the DagBag from /opt/airflow/dags/analytics_marts.py
[2026-03-08T14:32:59.864+0000] {processor.py:839} INFO - DAG(s) dict_keys(['analytics_marts']) retrieved from /opt/airflow/dags/analytics_marts.py
[2026-03-08T14:33:00.344+0000] {logging_mixin.py:151} INFO - [2026-03-08T14:33:00.343+0000] {dag.py:2915} INFO - Sync 1 DAGs
[2026-03-08T14:33:00.946+0000] {logging_mixin.py:151} INFO - [2026-03-08T14:33:00.791+0000] {dag.py:3696} INFO - Setting next_dagrun for analytics_marts to 2026-03-08T14:30:00+00:00, run_after=2026-03-08T15:30:00+00:00
[2026-03-08T14:33:01.262+0000] {processor.py:179} INFO - Processing /opt/airflow/dags/analytics_marts.py took 1.571 seconds
[2026-03-08T14:53:34.964+0000] {processor.py:157} INFO - Started process (PID=254) to work on /opt/airflow/dags/analytics_marts.py
[2026-03-08T14:53:35.029+0000] {processor.py:829} INFO - Processing file /opt/airflow/dags/analytics_marts.py for tasks to queue
[2026-03-08T14:53:35.647+0000] {logging_mixin.py:151} INFO - [2026-03-08T14:53:35.645+0000] {dagbag.py:539} INFO - Filling up the DagBag from /opt/airflow/dags/analytics_marts.py
[2026-03-08T14:53:37.279+0000] {processor.py:839} INFO - DAG(s) dict_keys(['analytics_marts']) retrieved from /opt/airflow/dags/analytics_marts.py
[2026-03-08T14:53:38.902+0000] {logging_mixin.py:151} INFO - [2026-03-08T14:53:38.901+0000] {dag.py:2915} INFO - Sync 1 DAGs
[2026-03-08T14:53:39.764+0000] {logging_mixin.py:151} INFO - [2026-03-08T14:53:39.762+0000] {dag.py:3696} INFO - Setting next_dagrun for analytics_marts to 2026-03-08T14:30:00+00:00, run_after=2026-03-08T15:30:00+00:00
[2026-03-08T14:53:40.260+0000] {processor.py:179} INFO - Processing /opt/airflow/dags/analytics_marts.py took 6.703 seconds
[2026-03-08T14:54:11.464+0000] {processor.py:157} INFO - Started process (PID=285) to work on /opt/airflow/dags/analytics_marts.py
[2026-03-08T14:54:11.467+0000] {processor.py:829} INFO - Processing file /opt/airflow/dags/analytics_marts.py for tasks to queue
[2026-03-08T14:54:11.471+0000] {logging_mixin.py:151} INFO - [2026-03-08T14:54:11.471+0000] {dagbag.py:539} INFO - Filling up the DagBag from /opt/airflow/dags/analytics_marts.py
[2026-03-08T14:54:11.503+0000] {processor.py:839} INFO - DAG(s) dict_keys(['analytics_marts']) retrieved from /opt/airflow/dags/analytics_marts.py
[2026-03-08T14:54:11.576+0000] {logging_mixin.py:151} INFO - [2026-03-08T14:54:11.575+0000] {dag.py:2915} INFO - Sync 1 DAGs
[2026-03-08T14:54:11.628+0000] {logging_mixin.py:151} INFO - [2026-03-08T14:54:11.628+0000] {dag.py:3696} INFO - Setting next_dagrun for analytics_marts to 2026-03-08T14:30:00+00:00, run_after=2026-03-08T15:30:00+00:00
[2026-03-08T14:54:11.676+0000] {processor.py:179} INFO - Processing /opt/airflow/dags/analytics_marts.py took 0.218 seconds
[2026-03-08T14:54:42.024+0000] {processor.py:157} INFO - Started process (PID=295) to work on /opt/airflow/dags/analytics_marts.py
[2026-03-08T14:54:42.026+0000] {processor.py:829} INFO - Processing file /opt/airflow/dags/analytics_marts.py for tasks to queue
[2026-03-08T14:54:42.029+0000] {logging_mixin.py:151} INFO - [2026-03-08T14:54:42.029+0000] {dagbag.py:539} INFO - Filling up the DagBag from /opt/airflow/dags/analytics_marts.py
[2026-03-08T14:54:42.053+0000] {processor.py:839} INFO - DAG(s) dict_keys(['analytics_marts']) retrieved from /opt/airflow/dags/analytics_marts.py
[2026-03-08T14:54:42.111+0000] {logging_mixin.py:151} INFO - [2026-03-08T14:54:42.110+0000] {dag.py:2915} INFO - Sync 1 DAGs
[2026-03-08T14:54:42.162+0000] {logging_mixin.py:151} INFO - [2026-03-08T14:54:42.161+0000] {dag.py:3696} INFO - Setting next_dagrun for analytics_marts to 2026-03-08T14:30:00+00:00, run_after=2026-03-08T15:30:00+00:00
[2026-03-08T14:54:42.197+0000] {processor.py:179} INFO - Processing /opt/airflow/dags/analytics_marts.py took 0.178 seconds
[2026-03-08T14:55:12.526+0000] {processor.py:157} INFO - Started process (PID=305) to work on /opt/airflow/dags/analytics_marts.py
[2026-03-08T14:55:12.529+0000] {processor.py:829} INFO - Processing file /opt/airflow/dags/analytics_marts.py for tasks to queue
[2026-03-08T14:55:12.533+0000] {logging_mixin.py:151} INFO - [2026-03-08T14:55:12.532+0000] {dagbag.py:539} INFO - Filling up the DagBag from /opt/airflow/dags/analytics_marts.py
[2026-03-08T14:55:12.571+0000] {processor.py:839} INFO - DAG(s) dict_keys(['analytics_marts']) retrieved from /opt/airflow/dags/analytics_marts.py
[2026-03-08T14:55:12.641+0000] {logging_mixin.py:151} INFO - [2026-03-08T14:55:12.640+0000] {dag.py:2915} INFO - Sync 1 DAGs
[2026-03-08T14:55:12.685+0000] {logging_mixin.py:151} INFO - [2026-03-08T14:55:12.684+0000] {dag.py:3696} INFO - Setting next_dagrun for analytics_marts to 2026-03-08T14:30:00+00:00, run_after=2026-03-08T15:30:00+00:00
[2026-03-08T14:55:12.720+0000] {processor.py:179} INFO - Processing /opt/airflow/dags/analytics_marts.py took 0.201 seconds
[2026-03-08T14:55:42.819+0000] {processor.py:157} INFO - Started process (PID=315) to work on /opt/airflow/dags/analytics_marts.py
[2026-03-08T14:55:42.822+0000] {processor.py:829} INFO - Processing file /opt/airflow/dags/analytics_marts.py for tasks to queue
[2026-03-08T14:55:42.828+0000] {logging_mixin.py:151} INFO - [2026-03-08T14:55:42.827+0000] {dagbag.py:539} INFO - Filling up the DagBag from /opt/airflow/dags/analytics_marts.py
[2026-03-08T14:55:42.856+0000] {processor.py:839} INFO - DAG(s) dict_keys(['analytics_marts']) retrieved from /opt/airflow/dags/analytics_marts.py
[2026-03-08T14:55:42.914+0000] {logging_mixin.py:151} INFO - [2026-03-08T14:55:42.913+0000] {dag.py:2915} INFO - Sync 1 DAGs
[2026-03-08T14:55:42.957+0000] {logging_mixin.py:151} INFO - [2026-03-08T14:55:42.957+0000] {dag.py:3696} INFO - Setting next_dagrun for analytics_marts to 2026-03-08T14:30:00+00:00, run_after=2026-03-08T15:30:00+00:00
[2026-03-08T14:55:42.993+0000] {processor.py:179} INFO - Processing /opt/airflow/dags/analytics_marts.py took 0.181 seconds
[2026-03-08T14:56:13.342+0000] {processor.py:157} INFO - Started process (PID=325) to work on /opt/airflow/dags/analytics_marts.py
[2026-03-08T14:56:13.345+0000] {processor.py:829} INFO - Processing file /opt/airflow/dags/analytics_marts.py for tasks to queue
[2026-03-08T14:56:13.348+0000] {logging_mixin.py:151} INFO - [2026-03-08T14:56:13.348+0000] {dagbag.py:539} INFO - Filling up the DagBag from /opt/airflow/dags/analytics_marts.py
[2026-03-08T14:56:13.372+0000] {processor.py:839} INFO - DAG(s) dict_keys(['analytics_marts']) retrieved from /opt/airflow/dags/analytics_marts.py
[2026-03-08T14:56:13.424+0000] {logging_mixin.py:151} INFO - [2026-03-08T14:56:13.423+0000] {dag.py:2915} INFO - Sync 1 DAGs
[2026-03-08T14:56:13.462+0000] {logging_mixin.py:151} INFO - [2026-03-08T14:56:13.462+0000] {dag.py:3696} INFO - Setting next_dagrun for analytics_marts to 2026-03-08T14:30:00+00:00, run_after=2026-03-08T15:30:00+00:00
[2026-03-08T14:56:13.503+0000] {processor.py:179} INFO - Processing /opt/airflow/dags/analytics_marts.py took 0.166 seconds
[2026-03-08T14:56:43.637+0000] {processor.py:157} INFO - Started process (PID=335) to work on /opt/airflow/dags/analytics_marts.py
[2026-03-08T14:56:43.639+0000] {processor.py:829} INFO - Processing file /opt/airflow/dags/analytics_marts.py for tasks to queue
[2026-03-08T14:56:43.643+0000] {logging_mixin.py:151} INFO - [2026-03-08T14:56:43.643+0000] {dagbag.py:539} INFO - Filling up the DagBag from /opt/airflow/dags/analytics_marts.py
[2026-03-08T14:56:43.666+0000] {processor.py:839} INFO - DAG(s) dict_keys(['analytics_marts']) retrieved from /opt/airflow/dags/analytics_marts.py
[2026-03-08T14:56:43.722+0000] {logging_mixin.py:151} INFO - [2026-03-08T14:56:43.722+0000] {dag.py:2915} INFO - Sync 1 DAGs
[2026-03-08T14:56:43.764+0000] {logging_mixin.py:151} INFO - [2026-03-08T14:56:43.764+0000] {dag.py:3696} INFO - Setting next_dagrun for analytics_marts to 2026-03-08T14:30:00+00:00, run_after=2026-03-08T15:30:00+00:00
[2026-03-08T14:56:43.802+0000] {processor.py:179} INFO - Processing /opt/airflow/dags/analytics_marts.py took 0.171 seconds
[2026-03-08T14:57:14.054+0000] {processor.py:157} INFO - Started process (PID=345) to work on /opt/airflow/dags/analytics_marts.py
[2026-03-08T14:57:14.056+0000] {processor.py:829} INFO - Processing file /opt/airflow/dags/analytics_marts.py for tasks to queue
[2026-03-08T14:57:14.061+0000] {logging_mixin.py:151} INFO - [2026-03-08T14:57:14.060+0000] {dagbag.py:539} INFO - Filling up the DagBag from /opt/airflow/dags/analytics_marts.py
[2026-03-08T14:57:14.089+0000] {processor.py:839} INFO - DAG(s) dict_keys(['analytics_marts']) retrieved from /opt/airflow/dags/analytics_marts.py
[2026-03-08T14:57:14.157+0000] {logging_mixin.py:151} INFO - [2026-03-08T14:57:14.156+0000] {dag.py:2915} INFO - Sync 1 DAGs
[2026-03-08T14:57:14.211+0000] {logging_mixin.py:151} INFO - [2026-03-08T14:57:14.210+0000] {dag.py:3696} INFO - Setting next_dagrun for analytics_marts to 2026-03-08T14:30:00+00:00, run_after=2026-03-08T15:30:00+00:00
[2026-03-08T14:57:14.249+0000] {processor.py:179} INFO - Processing /opt/airflow/dags/analytics_marts.py took 0.200 seconds
[2026-03-08T14:57:44.583+0000] {processor.py:157} INFO - Started process (PID=355) to work on /opt/airflow/dags/analytics_marts.py
[2026-03-08T14:57:44.585+0000] {processor.py:829} INFO - Processing file /opt/airflow/dags/analytics_marts.py for tasks to queue
[2026-03-08T14:57:44.590+0000] {logging_mixin.py:151} INFO - [2026-03-08T14:57:44.589+0000] {dagbag.py:539} INFO - Filling up the DagBag from /opt/airflow/dags/analytics_marts.py
[2026-03-08T14:57:44.612+0000] {processor.py:839} INFO - DAG(s) dict_keys(['analytics_marts']) retrieved from /opt/airflow/dags/analytics_marts.py
[2026-03-08T14:57:44.667+0000] {logging_mixin.py:151} INFO - [2026-03-08T14:57:44.666+0000] {dag.py:2915} INFO - Sync 1 DAGs
[2026-03-08T14:57:44.708+0000] {logging_mixin.py:151} INFO - [2026-03-08T14:57:44.708+0000] {dag.py:3696} INFO - Setting next_dagrun for analytics_marts to 2026-03-08T14:30:00+00:00, run_after=2026-03-08T15:30:00+00:00
[2026-03-08T14:57:44.746+0000] {processor.py:179} INFO - Processing /opt/airflow/dags/analytics_marts.py took 0.168 seconds
[2026-03-08T14:58:15.055+0000] {processor.py:157} INFO - Started process (PID=365) to work on /opt/airflow/dags/analytics_marts.py
[2026-03-08T14:58:15.057+0000] {processor.py:829} INFO - Processing file /opt/airflow/dags/analytics_marts.py for tasks to queue
[2026-03-08T14:58:15.060+0000] {logging_mixin.py:151} INFO - [2026-03-08T14:58:15.060+0000] {dagbag.py:539} INFO - Filling up the DagBag from /opt/airflow/dags/analytics_marts.py
[2026-03-08T14:58:15.084+0000] {processor.py:839} INFO - DAG(s) dict_keys(['analytics_marts']) retrieved from /opt/airflow/dags/analytics_marts.py
[2026-03-08T14:58:15.138+0000] {logging_mixin.py:151} INFO - [2026-03-08T14:58:15.138+0000] {dag.py:2915} INFO - Sync 1 DAGs
[2026-03-08T14:58:15.186+0000] {logging_mixin.py:151} INFO - [2026-03-08T14:58:15.186+0000] {dag.py:3696} INFO - Setting next_dagrun for analytics_marts to 2026-03-08T14:30:00+00:00, run_after=2026-03-08T15:30:00+00:00
[2026-03-08T14:58:15.221+0000] {processor.py:179} INFO - Processing /opt/airflow/dags/analytics_marts.py took 0.171 seconds
[2026-03-08T14:58:45.622+0000] {processor.py:157} INFO - Started process (PID=375) to work on /opt/airflow/dags/analytics_marts.py
[2026-03-08T14:58:45.624+0000] {processor.py:829} INFO - Processing file /opt/airflow/dags/analytics_marts.py for tasks to queue
[2026-03-08T14:58:45.627+0000] {logging_mixin.py:151} INFO - [2026-03-08T14:58:45.627+0000] {dagbag.py:539} INFO - Filling up the DagBag from /opt/airflow/dags/analytics_marts.py
[2026-03-08T14:58:45.649+0000] {processor.py:839} INFO - DAG(s) dict_keys(['analytics_marts']) retrieved from /opt/airflow/dags/analytics_marts.py
[2026-03-08T14:58:45.704+0000] {logging_mixin.py:151} INFO - [2026-03-08T14:58:45.703+0000] {dag.py:2915} INFO - Sync 1 DAGs
[2026-03-08T14:58:45.748+0000] {logging_mixin.py:151} INFO - [2026-03-08T14:58:45.748+0000] {dag.py:3696} INFO - Setting next_dagrun for analytics_marts to 2026-03-08T14:30:00+00:00, run_after=2026-03-08T15:30:00+00:00
[2026-03-08T14:58:45.780+0000] {processor.py:179} INFO - Processing /opt/airflow/dags/analytics_marts.py took 0.161 seconds
[2026-03-08T14:59:15.917+0000] {processor.py:157} INFO - Started process (PID=385) to work on /opt/airflow/dags/analytics_marts.py
[2026-03-08T14:59:15.918+0000] {processor.py:829} INFO - Processing file /opt/airflow/dags/analytics_marts.py for tasks to queue
[2026-03-08T14:59:15.923+0000] {logging_mixin.py:151} INFO - [2026-03-08T14:59:15.923+0000] {dagbag.py:539} INFO - Filling up the DagBag from /opt/airflow/dags/analytics_marts.py
[2026-03-08T14:59:15.944+0000] {processor.py:839} INFO - DAG(s) dict_keys(['analytics_marts']) retrieved from /opt/airflow/dags/analytics_marts.py
[2026-03-08T14:59:16.003+0000] {logging_mixin.py:151} INFO - [2026-03-08T14:59:16.003+0000] {dag.py:2915} INFO - Sync 1 DAGs
[2026-03-08T14:59:16.046+0000] {logging_mixin.py:151} INFO - [2026-03-08T14:59:16.045+0000] {dag.py:3696} INFO - Setting next_dagrun for analytics_marts to 2026-03-08T14:30:00+00:00, run_after=2026-03-08T15:30:00+00:00
[2026-03-08T14:59:16.086+0000] {processor.py:179} INFO - Processing /opt/airflow/dags/analytics_marts.py took 0.175 seconds
[2026-03-08T14:59:46.304+0000] {processor.py:157} INFO - Started process (PID=395) to work on /opt/airflow/dags/analytics_marts.py
[2026-03-08T14:59:46.305+0000] {processor.py:829} INFO - Processing file /opt/airflow/dags/analytics_marts.py for tasks to queue
[2026-03-08T14:59:46.311+0000] {logging_mixin.py:151} INFO - [2026-03-08T14:59:46.311+0000] {dagbag.py:539} INFO - Filling up the DagBag from /opt/airflow/dags/analytics_marts.py
[2026-03-08T14:59:46.338+0000] {processor.py:839} INFO - DAG(s) dict_keys(['analytics_marts']) retrieved from /opt/airflow/dags/analytics_marts.py
[2026-03-08T14:59:46.389+0000] {logging_mixin.py:151} INFO - [2026-03-08T14:59:46.388+0000] {dag.py:2915} INFO - Sync 1 DAGs
[2026-03-08T14:59:46.424+0000] {logging_mixin.py:151} INFO - [2026-03-08T14:59:46.423+0000] {dag.py:3696} INFO - Setting next_dagrun for analytics_marts to 2026-03-08T14:30:00+00:00, run_after=2026-03-08T15:30:00+00:00
[2026-03-08T14:59:46.459+0000] {processor.py:179} INFO - Processing /opt/airflow/dags/analytics_marts.py took 0.161 seconds
[2026-03-08T15:00:16.748+0000] {processor.py:157} INFO - Started process (PID=410) to work on /opt/airflow/dags/analytics_marts.py
[2026-03-08T15:00:16.751+0000] {processor.py:829} INFO - Processing file /opt/airflow/dags/analytics_marts.py for tasks to queue
[2026-03-08T15:00:16.754+0000] {logging_mixin.py:151} INFO - [2026-03-08T15:00:16.754+0000] {dagbag.py:539} INFO - Filling up the DagBag from /opt/airflow/dags/analytics_marts.py
[2026-03-08T15:00:16.774+0000] {processor.py:839} INFO - DAG(s) dict_keys(['analytics_marts']) retrieved from /opt/airflow/dags/analytics_marts.py
[2026-03-08T15:00:16.829+0000] {logging_mixin.py:151} INFO - [2026-03-08T15:00:16.828+0000] {dag.py:2915} INFO - Sync 1 DAGs
[2026-03-08T15:00:16.869+0000] {logging_mixin.py:151} INFO - [2026-03-08T15:00:16.869+0000] {dag.py:3696} INFO - Setting next_dagrun for analytics_marts to 2026-03-08T14:30:00+00:00, run_after=2026-03-08T15:30:00+00:00
[2026-03-08T15:00:16.906+0000] {processor.py:179} INFO - Processing /opt/airflow/dags/analytics_marts.py took 0.162 seconds
[2026-03-08T15:00:47.054+0000] {processor.py:157} INFO - Started process (PID=420) to work on /opt/airflow/dags/analytics_marts.py
[2026-03-08T15:00:47.058+0000] {processor.py:829} INFO - Processing file /opt/airflow/dags/analytics_marts.py for tasks to queue
[2026-03-08T15:00:47.065+0000] {logging_mixin.py:151} INFO - [2026-03-08T15:00:47.065+0000] {dagbag.py:539} INFO - Filling up the DagBag from /opt/airflow/dags/analytics_marts.py
[2026-03-08T15:00:47.106+0000] {processor.py:839} INFO - DAG(s) dict_keys(['analytics_marts']) retrieved from /opt/airflow/dags/analytics_marts.py
[2026-03-08T15:00:47.201+0000] {logging_mixin.py:151} INFO - [2026-03-08T15:00:47.200+0000] {dag.py:2915} INFO - Sync 1 DAGs
[2026-03-08T15:00:47.283+0000] {logging_mixin.py:151} INFO - [2026-03-08T15:00:47.282+0000] {dag.py:3696} INFO - Setting next_dagrun for analytics_marts to 2026-03-08T14:30:00+00:00, run_after=2026-03-08T15:30:00+00:00
[2026-03-08T15:00:47.354+0000] {processor.py:179} INFO - Processing /opt/airflow/dags/analytics_marts.py took 0.307 seconds
[2026-03-08T15:01:17.483+0000] {processor.py:157} INFO - Started process (PID=430) to work on /opt/airflow/dags/analytics_marts.py
[2026-03-08T15:01:17.487+0000] {processor.py:829} INFO - Processing file /opt/airflow/dags/analytics_marts.py for tasks to queue
[2026-03-08T15:01:17.498+0000] {logging_mixin.py:151} INFO - [2026-03-08T15:01:17.497+0000] {dagbag.py:539} INFO - Filling up the DagBag from /opt/airflow/dags/analytics_marts.py
[2026-03-08T15:01:17.523+0000] {processor.py:839} INFO - DAG(s) dict_keys(['analytics_marts']) retrieved from /opt/airflow/dags/analytics_marts.py
[2026-03-08T15:01:17.585+0000] {logging_mixin.py:151} INFO - [2026-03-08T15:01:17.584+0000] {dag.py:2915} INFO - Sync 1 DAGs
[2026-03-08T15:01:17.627+0000] {logging_mixin.py:151} INFO - [2026-03-08T15:01:17.627+0000] {dag.py:3696} INFO - Setting next_dagrun for analytics_marts to 2026-03-08T14:30:00+00:00, run_after=2026-03-08T15:30:00+00:00
[2026-03-08T15:01:17.661+0000] {processor.py:179} INFO - Processing /opt/airflow/dags/analytics_marts.py took 0.184 seconds
[2026-03-08T15:01:47.942+0000] {processor.py:157} INFO - Started process (PID=440) to work on /opt/airflow/dags/analytics_marts.py
[2026-03-08T15:01:47.945+0000] {processor.py:829} INFO - Processing file /opt/airflow/dags/analytics_marts.py for tasks to queue
[2026-03-08T15:01:47.949+0000] {logging_mixin.py:151} INFO - [2026-03-08T15:01:47.949+0000] {dagbag.py:539} INFO - Filling up the DagBag from /opt/airflow/dags/analytics_marts.py
[2026-03-08T15:01:47.971+0000] {processor.py:839} INFO - DAG(s) dict_keys(['analytics_marts']) retrieved from /opt/airflow/dags/analytics_marts.py
[2026-03-08T15:01:48.024+0000] {logging_mixin.py:151} INFO - [2026-03-08T15:01:48.023+0000] {dag.py:2915} INFO - Sync 1 DAGs
[2026-03-08T15:01:48.065+0000] {logging_mixin.py:151} INFO - [2026-03-08T15:01:48.064+0000] {dag.py:3696} INFO - Setting next_dagrun for analytics_marts to 2026-03-08T14:30:00+00:00, run_after=2026-03-08T15:30:00+00:00
[2026-03-08T15:01:48.104+0000] {processor.py:179} INFO - Processing /opt/airflow/dags/analytics_marts.py took 0.168 seconds
[2026-03-08T15:02:18.275+0000] {processor.py:157} INFO - Started process (PID=449) to work on /opt/airflow/dags/analytics_marts.py
[2026-03-08T15:02:18.277+0000] {processor.py:829} INFO - Processing file /opt/airflow/dags/analytics_marts.py for tasks to queue
[2026-03-08T15:02:18.283+0000] {logging_mixin.py:151} INFO - [2026-03-08T15:02:18.282+0000] {dagbag.py:539} INFO - Filling up the DagBag from /opt/airflow/dags/analytics_marts.py
[2026-03-08T15:02:18.314+0000] {processor.py:839} INFO - DAG(s) dict_keys(['analytics_marts']) retrieved from /opt/airflow/dags/analytics_marts.py
[2026-03-08T15:02:18.406+0000] {logging_mixin.py:151} INFO - [2026-03-08T15:02:18.405+0000] {dag.py:2915} INFO - Sync 1 DAGs
[2026-03-08T15:02:18.639+0000] {logging_mixin.py:151} INFO - [2026-03-08T15:02:18.638+0000] {dag.py:3696} INFO - Setting next_dagrun for analytics_marts to 2026-03-08T14:30:00+00:00, run_after=2026-03-08T15:30:00+00:00
[2026-03-08T15:02:18.761+0000] {processor.py:179} INFO - Processing /opt/airflow/dags/analytics_marts.py took 0.490 seconds
[2026-03-08T15:02:49.070+0000] {processor.py:157} INFO - Started process (PID=460) to work on /opt/airflow/dags/analytics_marts.py
[2026-03-08T15:02:49.071+0000] {processor.py:829} INFO - Processing file /opt/airflow/dags/analytics_marts.py for tasks to queue
[2026-03-08T15:02:49.074+0000] {logging_mixin.py:151} INFO - [2026-03-08T15:02:49.074+0000] {dagbag.py:539} INFO - Filling up the DagBag from /opt/airflow/dags/analytics_marts.py
[2026-03-08T15:02:49.101+0000] {processor.py:839} INFO - DAG(s) dict_keys(['analytics_marts']) retrieved from /opt/airflow/dags/analytics_marts.py
[2026-03-08T15:02:49.163+0000] {logging_mixin.py:151} INFO - [2026-03-08T15:02:49.162+0000] {dag.py:2915} INFO - Sync 1 DAGs
[2026-03-08T15:02:49.216+0000] {logging_mixin.py:151} INFO - [2026-03-08T15:02:49.216+0000] {dag.py:3696} INFO - Setting next_dagrun for analytics_marts to 2026-03-08T14:30:00+00:00, run_after=2026-03-08T15:30:00+00:00
[2026-03-08T15:02:49.258+0000] {processor.py:179} INFO - Processing /opt/airflow/dags/analytics_marts.py took 0.196 seconds
[2026-03-08T15:03:19.379+0000] {processor.py:157} INFO - Started process (PID=470) to work on /opt/airflow/dags/analytics_marts.py
[2026-03-08T15:03:19.385+0000] {processor.py:829} INFO - Processing file /opt/airflow/dags/analytics_marts.py for tasks to queue
[2026-03-08T15:03:19.393+0000] {logging_mixin.py:151} INFO - [2026-03-08T15:03:19.392+0000] {dagbag.py:539} INFO - Filling up the DagBag from /opt/airflow/dags/analytics_marts.py
[2026-03-08T15:03:19.429+0000] {processor.py:839} INFO - DAG(s) dict_keys(['analytics_marts']) retrieved from /opt/airflow/dags/analytics_marts.py
[2026-03-08T15:03:19.743+0000] {logging_mixin.py:151} INFO - [2026-03-08T15:03:19.742+0000] {dag.py:2915} INFO - Sync 1 DAGs
[2026-03-08T15:03:19.905+0000] {logging_mixin.py:151} INFO - [2026-03-08T15:03:19.903+0000] {dag.py:3696} INFO - Setting next_dagrun for analytics_marts to 2026-03-08T14:30:00+00:00, run_after=2026-03-08T15:30:00+00:00
[2026-03-08T15:03:19.974+0000] {processor.py:179} INFO - Processing /opt/airflow/dags/analytics_marts.py took 0.602 seconds
[2026-03-08T15:03:50.346+0000] {processor.py:157} INFO - Started process (PID=480) to work on /opt/airflow/dags/analytics_marts.py
[2026-03-08T15:03:50.347+0000] {processor.py:829} INFO - Processing file /opt/airflow/dags/analytics_marts.py for tasks to queue
[2026-03-08T15:03:50.352+0000] {logging_mixin.py:151} INFO - [2026-03-08T15:03:50.352+0000] {dagbag.py:539} INFO - Filling up the DagBag from /opt/airflow/dags/analytics_marts.py
[2026-03-08T15:03:50.384+0000] {processor.py:839} INFO - DAG(s) dict_keys(['analytics_marts']) retrieved from /opt/airflow/dags/analytics_marts.py
[2026-03-08T15:03:50.445+0000] {logging_mixin.py:151} INFO - [2026-03-08T15:03:50.444+0000] {dag.py:2915} INFO - Sync 1 DAGs
[2026-03-08T15:03:50.491+0000] {logging_mixin.py:151} INFO - [2026-03-08T15:03:50.491+0000] {dag.py:3696} INFO - Setting next_dagrun for analytics_marts to 2026-03-08T14:30:00+00:00, run_after=2026-03-08T15:30:00+00:00
[2026-03-08T15:03:50.543+0000] {processor.py:179} INFO - Processing /opt/airflow/dags/analytics_marts.py took 0.204 seconds
[2026-03-08T15:04:20.617+0000] {processor.py:157} INFO - Started process (PID=490) to work on /opt/airflow/dags/analytics_marts.py
[2026-03-08T15:04:20.618+0000] {processor.py:829} INFO - Processing file /opt/airflow/dags/analytics_marts.py for tasks to queue
[2026-03-08T15:04:20.622+0000] {logging_mixin.py:151} INFO - [2026-03-08T15:04:20.622+0000] {dagbag.py:539} INFO - Filling up the DagBag from /opt/airflow/dags/analytics_marts.py
[2026-03-08T15:04:20.644+0000] {processor.py:839} INFO - DAG(s) dict_keys(['analytics_marts']) retrieved from /opt/airflow/dags/analytics_marts.py
[2026-03-08T15:04:20.717+0000] {logging_mixin.py:151} INFO - [2026-03-08T15:04:20.715+0000] {dag.py:2915} INFO - Sync 1 DAGs
[2026-03-08T15:04:20.763+0000] {logging_mixin.py:151} INFO - [2026-03-08T15:04:20.762+0000] {dag.py:3696} INFO - Setting next_dagrun for analytics_marts to 2026-03-08T14:30:00+00:00, run_after=2026-03-08T15:30:00+00:00
[2026-03-08T15:04:20.812+0000] {processor.py:179} INFO - Processing /opt/airflow/dags/analytics_marts.py took 0.202 seconds
[2026-03-08T15:04:51.233+0000] {processor.py:157} INFO - Started process (PID=500) to work on /opt/airflow/dags/analytics_marts.py
[2026-03-08T15:04:51.235+0000] {processor.py:829} INFO - Processing file /opt/airflow/dags/analytics_marts.py for tasks to queue
[2026-03-08T15:04:51.247+0000] {logging_mixin.py:151} INFO - [2026-03-08T15:04:51.241+0000] {dagbag.py:539} INFO - Filling up the DagBag from /opt/airflow/dags/analytics_marts.py
[2026-03-08T15:04:51.291+0000] {processor.py:839} INFO - DAG(s) dict_keys(['analytics_marts']) retrieved from /opt/airflow/dags/analytics_marts.py
[2026-03-08T15:04:51.376+0000] {logging_mixin.py:151} INFO - [2026-03-08T15:04:51.375+0000] {dag.py:2915} INFO - Sync 1 DAGs
[2026-03-08T15:04:51.416+0000] {logging_mixin.py:151} INFO - [2026-03-08T15:04:51.416+0000] {dag.py:3696} INFO - Setting next_dagrun for analytics_marts to 2026-03-08T14:30:00+00:00, run_after=2026-03-08T15:30:00+00:00
[2026-03-08T15:04:51.453+0000] {processor.py:179} INFO - Processing /opt/airflow/dags/analytics_marts.py took 0.228 seconds
[2026-03-08T15:05:21.616+0000] {processor.py:157} INFO - Started process (PID=510) to work on /opt/airflow/dags/analytics_marts.py
[2026-03-08T15:05:21.618+0000] {processor.py:829} INFO - Processing file /opt/airflow/dags/analytics_marts.py for tasks to queue
[2026-03-08T15:05:21.622+0000] {logging_mixin.py:151} INFO - [2026-03-08T15:05:21.622+0000] {dagbag.py:539} INFO - Filling up the DagBag from /opt/airflow/dags/analytics_marts.py
[2026-03-08T15:05:21.648+0000] {processor.py:839} INFO - DAG(s) dict_keys(['analytics_marts']) retrieved from /opt/airflow/dags/analytics_marts.py
[2026-03-08T15:05:21.707+0000] {logging_mixin.py:151} INFO - [2026-03-08T15:05:21.707+0000] {dag.py:2915} INFO - Sync 1 DAGs
[2026-03-08T15:05:21.748+0000] {logging_mixin.py:151} INFO - [2026-03-08T15:05:21.747+0000] {dag.py:3696} INFO - Setting next_dagrun for analytics_marts to 2026-03-08T14:30:00+00:00, run_after=2026-03-08T15:30:00+00:00
[2026-03-08T15:05:21.788+0000] {processor.py:179} INFO - Processing /opt/airflow/dags/analytics_marts.py took 0.178 seconds
[2026-03-08T15:05:52.160+0000] {processor.py:157} INFO - Started process (PID=520) to work on /opt/airflow/dags/analytics_marts.py
[2026-03-08T15:05:52.162+0000] {processor.py:829} INFO - Processing file /opt/airflow/dags/analytics_marts.py for tasks to queue
[2026-03-08T15:05:52.167+0000] {logging_mixin.py:151} INFO - [2026-03-08T15:05:52.166+0000] {dagbag.py:539} INFO - Filling up the DagBag from /opt/airflow/dags/analytics_marts.py
[2026-03-08T15:05:52.207+0000] {processor.py:839} INFO - DAG(s) dict_keys(['analytics_marts']) retrieved from /opt/airflow/dags/analytics_marts.py
[2026-03-08T15:05:52.287+0000] {logging_mixin.py:151} INFO - [2026-03-08T15:05:52.286+0000] {dag.py:2915} INFO - Sync 1 DAGs
[2026-03-08T15:05:52.341+0000] {logging_mixin.py:151} INFO - [2026-03-08T15:05:52.340+0000] {dag.py:3696} INFO - Setting next_dagrun for analytics_marts to 2026-03-08T14:30:00+00:00, run_after=2026-03-08T15:30:00+00:00
[2026-03-08T15:05:52.390+0000] {processor.py:179} INFO - Processing /opt/airflow/dags/analytics_marts.py took 0.238 seconds
[2026-03-08T15:06:22.707+0000] {processor.py:157} INFO - Started process (PID=530) to work on /opt/airflow/dags/analytics_marts.py
[2026-03-08T15:06:22.709+0000] {processor.py:829} INFO - Processing file /opt/airflow/dags/analytics_marts.py for tasks to queue
[2026-03-08T15:06:22.713+0000] {logging_mixin.py:151} INFO - [2026-03-08T15:06:22.712+0000] {dagbag.py:539} INFO - Filling up the DagBag from /opt/airflow/dags/analytics_marts.py
[2026-03-08T15:06:22.742+0000] {processor.py:839} INFO - DAG(s) dict_keys(['analytics_marts']) retrieved from /opt/airflow/dags/analytics_marts.py
[2026-03-08T15:06:22.815+0000] {logging_mixin.py:151} INFO - [2026-03-08T15:06:22.814+0000] {dag.py:2915} INFO - Sync 1 DAGs
[2026-03-08T15:06:22.863+0000] {logging_mixin.py:151} INFO - [2026-03-08T15:06:22.863+0000] {dag.py:3696} INFO - Setting next_dagrun for analytics_marts to 2026-03-08T14:30:00+00:00, run_after=2026-03-08T15:30:00+00:00
[2026-03-08T15:06:22.905+0000] {processor.py:179} INFO - Processing /opt/airflow/dags/analytics_marts.py took 0.204 seconds
[2026-03-08T15:06:53.169+0000] {processor.py:157} INFO - Started process (PID=540) to work on /opt/airflow/dags/analytics_marts.py
[2026-03-08T15:06:53.171+0000] {processor.py:829} INFO - Processing file /opt/airflow/dags/analytics_marts.py for tasks to queue
[2026-03-08T15:06:53.174+0000] {logging_mixin.py:151} INFO - [2026-03-08T15:06:53.174+0000] {dagbag.py:539} INFO - Filling up the DagBag from /opt/airflow/dags/analytics_marts.py
[2026-03-08T15:06:53.204+0000] {processor.py:839} INFO - DAG(s) dict_keys(['analytics_marts']) retrieved from /opt/airflow/dags/analytics_marts.py
[2026-03-08T15:06:53.271+0000] {logging_mixin.py:151} INFO - [2026-03-08T15:06:53.270+0000] {dag.py:2915} INFO - Sync 1 DAGs
[2026-03-08T15:06:53.343+0000] {logging_mixin.py:151} INFO - [2026-03-08T15:06:53.342+0000] {dag.py:3696} INFO - Setting next_dagrun for analytics_marts to 2026-03-08T14:30:00+00:00, run_after=2026-03-08T15:30:00+00:00
[2026-03-08T15:06:53.383+0000] {processor.py:179} INFO - Processing /opt/airflow/dags/analytics_marts.py took 0.220 seconds
[2026-03-08T15:07:23.488+0000] {processor.py:157} INFO - Started process (PID=550) to work on /opt/airflow/dags/analytics_marts.py
[2026-03-08T15:07:23.491+0000] {processor.py:829} INFO - Processing file /opt/airflow/dags/analytics_marts.py for tasks to queue
[2026-03-08T15:07:23.501+0000] {logging_mixin.py:151} INFO - [2026-03-08T15:07:23.495+0000] {dagbag.py:539} INFO - Filling up the DagBag from /opt/airflow/dags/analytics_marts.py
[2026-03-08T15:07:23.536+0000] {processor.py:839} INFO - DAG(s) dict_keys(['analytics_marts']) retrieved from /opt/airflow/dags/analytics_marts.py
[2026-03-08T15:07:23.628+0000] {logging_mixin.py:151} INFO - [2026-03-08T15:07:23.627+0000] {dag.py:2915} INFO - Sync 1 DAGs
[2026-03-08T15:07:23.695+0000] {logging_mixin.py:151} INFO - [2026-03-08T15:07:23.694+0000] {dag.py:3696} INFO - Setting next_dagrun for analytics_marts to 2026-03-08T14:30:00+00:00, run_after=2026-03-08T15:30:00+00:00
[2026-03-08T15:07:23.748+0000] {processor.py:179} INFO - Processing /opt/airflow/dags/analytics_marts.py took 0.268 seconds
[2026-03-08T15:07:54.061+0000] {processor.py:157} INFO - Started process (PID=560) to work on /opt/airflow/dags/analytics_marts.py
[2026-03-08T15:07:54.063+0000] {processor.py:829} INFO - Processing file /opt/airflow/dags/analytics_marts.py for tasks to queue
[2026-03-08T15:07:54.067+0000] {logging_mixin.py:151} INFO - [2026-03-08T15:07:54.067+0000] {dagbag.py:539} INFO - Filling up the DagBag from /opt/airflow/dags/analytics_marts.py
[2026-03-08T15:07:54.094+0000] {processor.py:839} INFO - DAG(s) dict_keys(['analytics_marts']) retrieved from /opt/airflow/dags/analytics_marts.py
[2026-03-08T15:07:54.152+0000] {logging_mixin.py:151} INFO - [2026-03-08T15:07:54.151+0000] {dag.py:2915} INFO - Sync 1 DAGs
[2026-03-08T15:07:54.196+0000] {logging_mixin.py:151} INFO - [2026-03-08T15:07:54.196+0000] {dag.py:3696} INFO - Setting next_dagrun for analytics_marts to 2026-03-08T14:30:00+00:00, run_after=2026-03-08T15:30:00+00:00
[2026-03-08T15:07:54.235+0000] {processor.py:179} INFO - Processing /opt/airflow/dags/analytics_marts.py took 0.179 seconds
[2026-03-08T15:08:24.522+0000] {processor.py:157} INFO - Started process (PID=570) to work on /opt/airflow/dags/analytics_marts.py
[2026-03-08T15:08:24.523+0000] {processor.py:829} INFO - Processing file /opt/airflow/dags/analytics_marts.py for tasks to queue
[2026-03-08T15:08:24.527+0000] {logging_mixin.py:151} INFO - [2026-03-08T15:08:24.527+0000] {dagbag.py:539} INFO - Filling up the DagBag from /opt/airflow/dags/analytics_marts.py
[2026-03-08T15:08:24.552+0000] {processor.py:839} INFO - DAG(s) dict_keys(['analytics_marts']) retrieved from /opt/airflow/dags/analytics_marts.py
[2026-03-08T15:08:24.606+0000] {logging_mixin.py:151} INFO - [2026-03-08T15:08:24.605+0000] {dag.py:2915} INFO - Sync 1 DAGs
[2026-03-08T15:08:24.650+0000] {logging_mixin.py:151} INFO - [2026-03-08T15:08:24.649+0000] {dag.py:3696} INFO - Setting next_dagrun for analytics_marts to 2026-03-08T14:30:00+00:00, run_after=2026-03-08T15:30:00+00:00
[2026-03-08T15:08:24.694+0000] {processor.py:179} INFO - Processing /opt/airflow/dags/analytics_marts.py took 0.178 seconds
[2026-03-08T15:08:55.085+0000] {processor.py:157} INFO - Started process (PID=580) to work on /opt/airflow/dags/analytics_marts.py
[2026-03-08T15:08:55.087+0000] {processor.py:829} INFO - Processing file /opt/airflow/dags/analytics_marts.py for tasks to queue
[2026-03-08T15:08:55.093+0000] {logging_mixin.py:151} INFO - [2026-03-08T15:08:55.092+0000] {dagbag.py:539} INFO - Filling up the DagBag from /opt/airflow/dags/analytics_marts.py
[2026-03-08T15:08:55.121+0000] {processor.py:839} INFO - DAG(s) dict_keys(['analytics_marts']) retrieved from /opt/airflow/dags/analytics_marts.py
[2026-03-08T15:08:55.318+0000] {logging_mixin.py:151} INFO - [2026-03-08T15:08:55.318+0000] {dag.py:2915} INFO - Sync 1 DAGs
[2026-03-08T15:08:55.365+0000] {logging_mixin.py:151} INFO - [2026-03-08T15:08:55.365+0000] {dag.py:3696} INFO - Setting next_dagrun for analytics_marts to 2026-03-08T14:30:00+00:00, run_after=2026-03-08T15:30:00+00:00
[2026-03-08T15:08:55.406+0000] {processor.py:179} INFO - Processing /opt/airflow/dags/analytics_marts.py took 0.328 seconds
[2026-03-08T15:09:25.908+0000] {processor.py:157} INFO - Started process (PID=590) to work on /opt/airflow/dags/analytics_marts.py
[2026-03-08T15:09:25.911+0000] {processor.py:829} INFO - Processing file /opt/airflow/dags/analytics_marts.py for tasks to queue
[2026-03-08T15:09:25.917+0000] {logging_mixin.py:151} INFO - [2026-03-08T15:09:25.916+0000] {dagbag.py:539} INFO - Filling up the DagBag from /opt/airflow/dags/analytics_marts.py
[2026-03-08T15:09:25.953+0000] {processor.py:839} INFO - DAG(s) dict_keys(['analytics_marts']) retrieved from /opt/airflow/dags/analytics_marts.py
[2026-03-08T15:09:26.066+0000] {logging_mixin.py:151} INFO - [2026-03-08T15:09:26.065+0000] {dag.py:2915} INFO - Sync 1 DAGs
[2026-03-08T15:09:26.193+0000] {logging_mixin.py:151} INFO - [2026-03-08T15:09:26.191+0000] {dag.py:3696} INFO - Setting next_dagrun for analytics_marts to 2026-03-08T14:30:00+00:00, run_after=2026-03-08T15:30:00+00:00
[2026-03-08T15:09:26.289+0000] {processor.py:179} INFO - Processing /opt/airflow/dags/analytics_marts.py took 0.388 seconds
[2026-03-08T15:09:57.134+0000] {processor.py:157} INFO - Started process (PID=600) to work on /opt/airflow/dags/analytics_marts.py
[2026-03-08T15:09:57.136+0000] {processor.py:829} INFO - Processing file /opt/airflow/dags/analytics_marts.py for tasks to queue
[2026-03-08T15:09:57.141+0000] {logging_mixin.py:151} INFO - [2026-03-08T15:09:57.140+0000] {dagbag.py:539} INFO - Filling up the DagBag from /opt/airflow/dags/analytics_marts.py
[2026-03-08T15:09:57.166+0000] {processor.py:839} INFO - DAG(s) dict_keys(['analytics_marts']) retrieved from /opt/airflow/dags/analytics_marts.py
[2026-03-08T15:09:57.238+0000] {logging_mixin.py:151} INFO - [2026-03-08T15:09:57.237+0000] {dag.py:2915} INFO - Sync 1 DAGs
[2026-03-08T15:09:57.288+0000] {logging_mixin.py:151} INFO - [2026-03-08T15:09:57.288+0000] {dag.py:3696} INFO - Setting next_dagrun for analytics_marts to 2026-03-08T14:30:00+00:00, run_after=2026-03-08T15:30:00+00:00
[2026-03-08T15:09:57.330+0000] {processor.py:179} INFO - Processing /opt/airflow/dags/analytics_marts.py took 0.203 seconds
