[2026-03-08T12:12:40.619+0000] {processor.py:157} INFO - Started process (PID=160) to work on /opt/airflow/dags/replication_dag.py
[2026-03-08T12:12:40.636+0000] {processor.py:829} INFO - Processing file /opt/airflow/dags/replication_dag.py for tasks to queue
[2026-03-08T12:12:40.677+0000] {logging_mixin.py:151} INFO - [2026-03-08T12:12:40.669+0000] {dagbag.py:539} INFO - Filling up the DagBag from /opt/airflow/dags/replication_dag.py
[2026-03-08T12:12:40.909+0000] {processor.py:839} INFO - DAG(s) dict_keys(['mongo_replication']) retrieved from /opt/airflow/dags/replication_dag.py
[2026-03-08T12:12:42.316+0000] {logging_mixin.py:151} INFO - [2026-03-08T12:12:42.316+0000] {manager.py:499} INFO - Created Permission View: %s
[2026-03-08T12:12:42.340+0000] {logging_mixin.py:151} INFO - [2026-03-08T12:12:42.340+0000] {manager.py:499} INFO - Created Permission View: %s
[2026-03-08T12:12:42.362+0000] {logging_mixin.py:151} INFO - [2026-03-08T12:12:42.362+0000] {manager.py:499} INFO - Created Permission View: %s
[2026-03-08T12:12:42.365+0000] {logging_mixin.py:151} INFO - [2026-03-08T12:12:42.363+0000] {security.py:708} INFO - Not syncing DAG-level permissions for DAG 'DAG:mongo_replication' as access control is unset.
[2026-03-08T12:12:42.367+0000] {logging_mixin.py:151} INFO - [2026-03-08T12:12:42.366+0000] {dag.py:2915} INFO - Sync 1 DAGs
[2026-03-08T12:12:42.423+0000] {logging_mixin.py:151} INFO - [2026-03-08T12:12:42.422+0000] {dag.py:2937} INFO - Creating ORM DAG for mongo_replication
[2026-03-08T12:12:42.468+0000] {logging_mixin.py:151} INFO - [2026-03-08T12:12:42.464+0000] {dag.py:3696} INFO - Setting next_dagrun for mongo_replication to 2026-03-08T12:00:00+00:00, run_after=2026-03-08T12:10:00+00:00
[2026-03-08T12:12:42.555+0000] {processor.py:179} INFO - Processing /opt/airflow/dags/replication_dag.py took 1.987 seconds
[2026-03-08T12:13:13.025+0000] {processor.py:157} INFO - Started process (PID=170) to work on /opt/airflow/dags/replication_dag.py
[2026-03-08T12:13:13.034+0000] {processor.py:829} INFO - Processing file /opt/airflow/dags/replication_dag.py for tasks to queue
[2026-03-08T12:13:13.056+0000] {logging_mixin.py:151} INFO - [2026-03-08T12:13:13.053+0000] {dagbag.py:539} INFO - Filling up the DagBag from /opt/airflow/dags/replication_dag.py
[2026-03-08T12:13:13.159+0000] {processor.py:839} INFO - DAG(s) dict_keys(['mongo_replication']) retrieved from /opt/airflow/dags/replication_dag.py
[2026-03-08T12:13:13.444+0000] {logging_mixin.py:151} INFO - [2026-03-08T12:13:13.444+0000] {security.py:708} INFO - Not syncing DAG-level permissions for DAG 'DAG:mongo_replication' as access control is unset.
[2026-03-08T12:13:13.445+0000] {logging_mixin.py:151} INFO - [2026-03-08T12:13:13.444+0000] {dag.py:2915} INFO - Sync 1 DAGs
[2026-03-08T12:13:13.490+0000] {logging_mixin.py:151} INFO - [2026-03-08T12:13:13.490+0000] {dag.py:3696} INFO - Setting next_dagrun for mongo_replication to 2026-03-08T12:00:00+00:00, run_after=2026-03-08T12:10:00+00:00
[2026-03-08T12:13:13.538+0000] {processor.py:179} INFO - Processing /opt/airflow/dags/replication_dag.py took 0.551 seconds
[2026-03-08T12:13:43.780+0000] {processor.py:157} INFO - Started process (PID=180) to work on /opt/airflow/dags/replication_dag.py
[2026-03-08T12:13:43.822+0000] {processor.py:829} INFO - Processing file /opt/airflow/dags/replication_dag.py for tasks to queue
[2026-03-08T12:13:43.863+0000] {logging_mixin.py:151} INFO - [2026-03-08T12:13:43.861+0000] {dagbag.py:539} INFO - Filling up the DagBag from /opt/airflow/dags/replication_dag.py
[2026-03-08T12:13:44.001+0000] {processor.py:839} INFO - DAG(s) dict_keys(['mongo_replication']) retrieved from /opt/airflow/dags/replication_dag.py
[2026-03-08T12:13:44.719+0000] {logging_mixin.py:151} INFO - [2026-03-08T12:13:44.718+0000] {security.py:708} INFO - Not syncing DAG-level permissions for DAG 'DAG:mongo_replication' as access control is unset.
[2026-03-08T12:13:44.721+0000] {logging_mixin.py:151} INFO - [2026-03-08T12:13:44.720+0000] {dag.py:2915} INFO - Sync 1 DAGs
[2026-03-08T12:13:44.777+0000] {logging_mixin.py:151} INFO - [2026-03-08T12:13:44.777+0000] {dag.py:3696} INFO - Setting next_dagrun for mongo_replication to 2026-03-08T12:00:00+00:00, run_after=2026-03-08T12:10:00+00:00
[2026-03-08T12:13:44.821+0000] {processor.py:179} INFO - Processing /opt/airflow/dags/replication_dag.py took 1.090 seconds
[2026-03-08T12:14:15.234+0000] {processor.py:157} INFO - Started process (PID=190) to work on /opt/airflow/dags/replication_dag.py
[2026-03-08T12:14:15.239+0000] {processor.py:829} INFO - Processing file /opt/airflow/dags/replication_dag.py for tasks to queue
[2026-03-08T12:14:15.253+0000] {logging_mixin.py:151} INFO - [2026-03-08T12:14:15.252+0000] {dagbag.py:539} INFO - Filling up the DagBag from /opt/airflow/dags/replication_dag.py
[2026-03-08T12:14:15.344+0000] {processor.py:839} INFO - DAG(s) dict_keys(['mongo_replication']) retrieved from /opt/airflow/dags/replication_dag.py
[2026-03-08T12:14:15.755+0000] {logging_mixin.py:151} INFO - [2026-03-08T12:14:15.754+0000] {security.py:708} INFO - Not syncing DAG-level permissions for DAG 'DAG:mongo_replication' as access control is unset.
[2026-03-08T12:14:15.756+0000] {logging_mixin.py:151} INFO - [2026-03-08T12:14:15.755+0000] {dag.py:2915} INFO - Sync 1 DAGs
[2026-03-08T12:14:15.803+0000] {logging_mixin.py:151} INFO - [2026-03-08T12:14:15.803+0000] {dag.py:3696} INFO - Setting next_dagrun for mongo_replication to 2026-03-08T12:00:00+00:00, run_after=2026-03-08T12:10:00+00:00
[2026-03-08T12:14:15.840+0000] {processor.py:179} INFO - Processing /opt/airflow/dags/replication_dag.py took 0.624 seconds
[2026-03-08T12:14:46.213+0000] {processor.py:157} INFO - Started process (PID=205) to work on /opt/airflow/dags/replication_dag.py
[2026-03-08T12:14:46.219+0000] {processor.py:829} INFO - Processing file /opt/airflow/dags/replication_dag.py for tasks to queue
[2026-03-08T12:14:46.224+0000] {logging_mixin.py:151} INFO - [2026-03-08T12:14:46.224+0000] {dagbag.py:539} INFO - Filling up the DagBag from /opt/airflow/dags/replication_dag.py
[2026-03-08T12:14:46.264+0000] {processor.py:839} INFO - DAG(s) dict_keys(['mongo_replication']) retrieved from /opt/airflow/dags/replication_dag.py
[2026-03-08T12:14:46.472+0000] {logging_mixin.py:151} INFO - [2026-03-08T12:14:46.471+0000] {security.py:708} INFO - Not syncing DAG-level permissions for DAG 'DAG:mongo_replication' as access control is unset.
[2026-03-08T12:14:46.473+0000] {logging_mixin.py:151} INFO - [2026-03-08T12:14:46.472+0000] {dag.py:2915} INFO - Sync 1 DAGs
[2026-03-08T12:14:46.521+0000] {logging_mixin.py:151} INFO - [2026-03-08T12:14:46.520+0000] {dag.py:3696} INFO - Setting next_dagrun for mongo_replication to 2026-03-08T12:00:00+00:00, run_after=2026-03-08T12:10:00+00:00
[2026-03-08T12:14:46.564+0000] {processor.py:179} INFO - Processing /opt/airflow/dags/replication_dag.py took 0.368 seconds
[2026-03-08T12:15:16.940+0000] {processor.py:157} INFO - Started process (PID=215) to work on /opt/airflow/dags/replication_dag.py
[2026-03-08T12:15:16.942+0000] {processor.py:829} INFO - Processing file /opt/airflow/dags/replication_dag.py for tasks to queue
[2026-03-08T12:15:16.947+0000] {logging_mixin.py:151} INFO - [2026-03-08T12:15:16.946+0000] {dagbag.py:539} INFO - Filling up the DagBag from /opt/airflow/dags/replication_dag.py
[2026-03-08T12:15:16.981+0000] {processor.py:839} INFO - DAG(s) dict_keys(['mongo_replication']) retrieved from /opt/airflow/dags/replication_dag.py
[2026-03-08T12:15:17.301+0000] {logging_mixin.py:151} INFO - [2026-03-08T12:15:17.300+0000] {security.py:708} INFO - Not syncing DAG-level permissions for DAG 'DAG:mongo_replication' as access control is unset.
[2026-03-08T12:15:17.302+0000] {logging_mixin.py:151} INFO - [2026-03-08T12:15:17.301+0000] {dag.py:2915} INFO - Sync 1 DAGs
[2026-03-08T12:15:17.354+0000] {logging_mixin.py:151} INFO - [2026-03-08T12:15:17.354+0000] {dag.py:3696} INFO - Setting next_dagrun for mongo_replication to 2026-03-08T12:00:00+00:00, run_after=2026-03-08T12:10:00+00:00
[2026-03-08T12:15:17.392+0000] {processor.py:179} INFO - Processing /opt/airflow/dags/replication_dag.py took 0.459 seconds
[2026-03-08T12:15:47.626+0000] {processor.py:157} INFO - Started process (PID=220) to work on /opt/airflow/dags/replication_dag.py
[2026-03-08T12:15:47.638+0000] {processor.py:829} INFO - Processing file /opt/airflow/dags/replication_dag.py for tasks to queue
[2026-03-08T12:15:47.654+0000] {logging_mixin.py:151} INFO - [2026-03-08T12:15:47.653+0000] {dagbag.py:539} INFO - Filling up the DagBag from /opt/airflow/dags/replication_dag.py
[2026-03-08T12:15:47.762+0000] {processor.py:839} INFO - DAG(s) dict_keys(['mongo_replication']) retrieved from /opt/airflow/dags/replication_dag.py
[2026-03-08T12:15:48.250+0000] {logging_mixin.py:151} INFO - [2026-03-08T12:15:48.249+0000] {security.py:708} INFO - Not syncing DAG-level permissions for DAG 'DAG:mongo_replication' as access control is unset.
[2026-03-08T12:15:48.253+0000] {logging_mixin.py:151} INFO - [2026-03-08T12:15:48.252+0000] {dag.py:2915} INFO - Sync 1 DAGs
[2026-03-08T12:15:48.321+0000] {logging_mixin.py:151} INFO - [2026-03-08T12:15:48.321+0000] {dag.py:3696} INFO - Setting next_dagrun for mongo_replication to 2026-03-08T12:00:00+00:00, run_after=2026-03-08T12:10:00+00:00
[2026-03-08T12:15:48.368+0000] {processor.py:179} INFO - Processing /opt/airflow/dags/replication_dag.py took 0.753 seconds
[2026-03-08T12:16:20.263+0000] {processor.py:157} INFO - Started process (PID=243) to work on /opt/airflow/dags/replication_dag.py
[2026-03-08T12:16:20.293+0000] {processor.py:829} INFO - Processing file /opt/airflow/dags/replication_dag.py for tasks to queue
[2026-03-08T12:16:20.726+0000] {logging_mixin.py:151} INFO - [2026-03-08T12:16:20.723+0000] {dagbag.py:539} INFO - Filling up the DagBag from /opt/airflow/dags/replication_dag.py
[2026-03-08T12:16:22.788+0000] {processor.py:839} INFO - DAG(s) dict_keys(['mongo_replication']) retrieved from /opt/airflow/dags/replication_dag.py
[2026-03-08T12:16:27.810+0000] {logging_mixin.py:151} INFO - [2026-03-08T12:16:27.809+0000] {security.py:708} INFO - Not syncing DAG-level permissions for DAG 'DAG:mongo_replication' as access control is unset.
[2026-03-08T12:16:27.858+0000] {logging_mixin.py:151} INFO - [2026-03-08T12:16:27.856+0000] {dag.py:2915} INFO - Sync 1 DAGs
[2026-03-08T12:16:28.153+0000] {logging_mixin.py:151} INFO - [2026-03-08T12:16:28.152+0000] {dag.py:3696} INFO - Setting next_dagrun for mongo_replication to 2026-03-08T12:10:00+00:00, run_after=2026-03-08T12:20:00+00:00
[2026-03-08T12:16:28.227+0000] {processor.py:179} INFO - Processing /opt/airflow/dags/replication_dag.py took 8.002 seconds
[2026-03-08T12:16:58.495+0000] {processor.py:157} INFO - Started process (PID=295) to work on /opt/airflow/dags/replication_dag.py
[2026-03-08T12:16:58.497+0000] {processor.py:829} INFO - Processing file /opt/airflow/dags/replication_dag.py for tasks to queue
[2026-03-08T12:16:58.501+0000] {logging_mixin.py:151} INFO - [2026-03-08T12:16:58.500+0000] {dagbag.py:539} INFO - Filling up the DagBag from /opt/airflow/dags/replication_dag.py
[2026-03-08T12:16:58.538+0000] {processor.py:839} INFO - DAG(s) dict_keys(['mongo_replication']) retrieved from /opt/airflow/dags/replication_dag.py
[2026-03-08T12:16:58.960+0000] {logging_mixin.py:151} INFO - [2026-03-08T12:16:58.960+0000] {security.py:708} INFO - Not syncing DAG-level permissions for DAG 'DAG:mongo_replication' as access control is unset.
[2026-03-08T12:16:58.962+0000] {logging_mixin.py:151} INFO - [2026-03-08T12:16:58.961+0000] {dag.py:2915} INFO - Sync 1 DAGs
[2026-03-08T12:16:59.040+0000] {logging_mixin.py:151} INFO - [2026-03-08T12:16:59.039+0000] {dag.py:3696} INFO - Setting next_dagrun for mongo_replication to 2026-03-08T12:10:00+00:00, run_after=2026-03-08T12:20:00+00:00
[2026-03-08T12:16:59.097+0000] {processor.py:179} INFO - Processing /opt/airflow/dags/replication_dag.py took 0.612 seconds
[2026-03-08T12:17:29.438+0000] {processor.py:157} INFO - Started process (PID=303) to work on /opt/airflow/dags/replication_dag.py
[2026-03-08T12:17:29.446+0000] {processor.py:829} INFO - Processing file /opt/airflow/dags/replication_dag.py for tasks to queue
[2026-03-08T12:17:29.637+0000] {logging_mixin.py:151} INFO - [2026-03-08T12:17:29.637+0000] {dagbag.py:539} INFO - Filling up the DagBag from /opt/airflow/dags/replication_dag.py
[2026-03-08T12:17:29.945+0000] {processor.py:839} INFO - DAG(s) dict_keys(['mongo_replication']) retrieved from /opt/airflow/dags/replication_dag.py
[2026-03-08T12:17:30.506+0000] {logging_mixin.py:151} INFO - [2026-03-08T12:17:30.506+0000] {security.py:708} INFO - Not syncing DAG-level permissions for DAG 'DAG:mongo_replication' as access control is unset.
[2026-03-08T12:17:30.509+0000] {logging_mixin.py:151} INFO - [2026-03-08T12:17:30.507+0000] {dag.py:2915} INFO - Sync 1 DAGs
[2026-03-08T12:17:30.656+0000] {logging_mixin.py:151} INFO - [2026-03-08T12:17:30.656+0000] {dag.py:3696} INFO - Setting next_dagrun for mongo_replication to 2026-03-08T12:10:00+00:00, run_after=2026-03-08T12:20:00+00:00
[2026-03-08T12:17:30.789+0000] {processor.py:179} INFO - Processing /opt/airflow/dags/replication_dag.py took 1.408 seconds
[2026-03-08T12:18:01.652+0000] {processor.py:157} INFO - Started process (PID=315) to work on /opt/airflow/dags/replication_dag.py
[2026-03-08T12:18:01.658+0000] {processor.py:829} INFO - Processing file /opt/airflow/dags/replication_dag.py for tasks to queue
[2026-03-08T12:18:01.663+0000] {logging_mixin.py:151} INFO - [2026-03-08T12:18:01.662+0000] {dagbag.py:539} INFO - Filling up the DagBag from /opt/airflow/dags/replication_dag.py
[2026-03-08T12:18:01.698+0000] {processor.py:839} INFO - DAG(s) dict_keys(['mongo_replication']) retrieved from /opt/airflow/dags/replication_dag.py
[2026-03-08T12:18:01.884+0000] {logging_mixin.py:151} INFO - [2026-03-08T12:18:01.884+0000] {security.py:708} INFO - Not syncing DAG-level permissions for DAG 'DAG:mongo_replication' as access control is unset.
[2026-03-08T12:18:01.889+0000] {logging_mixin.py:151} INFO - [2026-03-08T12:18:01.888+0000] {dag.py:2915} INFO - Sync 1 DAGs
[2026-03-08T12:18:01.922+0000] {logging_mixin.py:151} INFO - [2026-03-08T12:18:01.922+0000] {dag.py:3696} INFO - Setting next_dagrun for mongo_replication to 2026-03-08T12:10:00+00:00, run_after=2026-03-08T12:20:00+00:00
[2026-03-08T12:18:01.957+0000] {processor.py:179} INFO - Processing /opt/airflow/dags/replication_dag.py took 0.316 seconds
[2026-03-08T12:18:32.762+0000] {processor.py:157} INFO - Started process (PID=325) to work on /opt/airflow/dags/replication_dag.py
[2026-03-08T12:18:32.763+0000] {processor.py:829} INFO - Processing file /opt/airflow/dags/replication_dag.py for tasks to queue
[2026-03-08T12:18:32.768+0000] {logging_mixin.py:151} INFO - [2026-03-08T12:18:32.768+0000] {dagbag.py:539} INFO - Filling up the DagBag from /opt/airflow/dags/replication_dag.py
[2026-03-08T12:18:32.809+0000] {processor.py:839} INFO - DAG(s) dict_keys(['mongo_replication']) retrieved from /opt/airflow/dags/replication_dag.py
[2026-03-08T12:18:33.026+0000] {logging_mixin.py:151} INFO - [2026-03-08T12:18:33.026+0000] {security.py:708} INFO - Not syncing DAG-level permissions for DAG 'DAG:mongo_replication' as access control is unset.
[2026-03-08T12:18:33.027+0000] {logging_mixin.py:151} INFO - [2026-03-08T12:18:33.027+0000] {dag.py:2915} INFO - Sync 1 DAGs
[2026-03-08T12:18:33.067+0000] {logging_mixin.py:151} INFO - [2026-03-08T12:18:33.067+0000] {dag.py:3696} INFO - Setting next_dagrun for mongo_replication to 2026-03-08T12:10:00+00:00, run_after=2026-03-08T12:20:00+00:00
[2026-03-08T12:18:33.099+0000] {processor.py:179} INFO - Processing /opt/airflow/dags/replication_dag.py took 0.347 seconds
[2026-03-08T12:19:03.159+0000] {processor.py:157} INFO - Started process (PID=335) to work on /opt/airflow/dags/replication_dag.py
[2026-03-08T12:19:03.160+0000] {processor.py:829} INFO - Processing file /opt/airflow/dags/replication_dag.py for tasks to queue
[2026-03-08T12:19:03.164+0000] {logging_mixin.py:151} INFO - [2026-03-08T12:19:03.163+0000] {dagbag.py:539} INFO - Filling up the DagBag from /opt/airflow/dags/replication_dag.py
[2026-03-08T12:19:03.184+0000] {processor.py:839} INFO - DAG(s) dict_keys(['mongo_replication']) retrieved from /opt/airflow/dags/replication_dag.py
[2026-03-08T12:19:03.450+0000] {logging_mixin.py:151} INFO - [2026-03-08T12:19:03.449+0000] {security.py:708} INFO - Not syncing DAG-level permissions for DAG 'DAG:mongo_replication' as access control is unset.
[2026-03-08T12:19:03.452+0000] {logging_mixin.py:151} INFO - [2026-03-08T12:19:03.451+0000] {dag.py:2915} INFO - Sync 1 DAGs
[2026-03-08T12:19:03.578+0000] {logging_mixin.py:151} INFO - [2026-03-08T12:19:03.577+0000] {dag.py:3696} INFO - Setting next_dagrun for mongo_replication to 2026-03-08T12:10:00+00:00, run_after=2026-03-08T12:20:00+00:00
[2026-03-08T12:19:03.663+0000] {processor.py:179} INFO - Processing /opt/airflow/dags/replication_dag.py took 0.508 seconds
[2026-03-08T12:19:34.331+0000] {processor.py:157} INFO - Started process (PID=345) to work on /opt/airflow/dags/replication_dag.py
[2026-03-08T12:19:34.338+0000] {processor.py:829} INFO - Processing file /opt/airflow/dags/replication_dag.py for tasks to queue
[2026-03-08T12:19:34.345+0000] {logging_mixin.py:151} INFO - [2026-03-08T12:19:34.344+0000] {dagbag.py:539} INFO - Filling up the DagBag from /opt/airflow/dags/replication_dag.py
[2026-03-08T12:19:34.398+0000] {processor.py:839} INFO - DAG(s) dict_keys(['mongo_replication']) retrieved from /opt/airflow/dags/replication_dag.py
[2026-03-08T12:19:34.759+0000] {logging_mixin.py:151} INFO - [2026-03-08T12:19:34.759+0000] {security.py:708} INFO - Not syncing DAG-level permissions for DAG 'DAG:mongo_replication' as access control is unset.
[2026-03-08T12:19:34.761+0000] {logging_mixin.py:151} INFO - [2026-03-08T12:19:34.760+0000] {dag.py:2915} INFO - Sync 1 DAGs
[2026-03-08T12:19:34.813+0000] {logging_mixin.py:151} INFO - [2026-03-08T12:19:34.812+0000] {dag.py:3696} INFO - Setting next_dagrun for mongo_replication to 2026-03-08T12:10:00+00:00, run_after=2026-03-08T12:20:00+00:00
[2026-03-08T12:19:34.879+0000] {processor.py:179} INFO - Processing /opt/airflow/dags/replication_dag.py took 0.558 seconds
[2026-03-08T12:20:04.972+0000] {processor.py:157} INFO - Started process (PID=355) to work on /opt/airflow/dags/replication_dag.py
[2026-03-08T12:20:04.973+0000] {processor.py:829} INFO - Processing file /opt/airflow/dags/replication_dag.py for tasks to queue
[2026-03-08T12:20:04.978+0000] {logging_mixin.py:151} INFO - [2026-03-08T12:20:04.977+0000] {dagbag.py:539} INFO - Filling up the DagBag from /opt/airflow/dags/replication_dag.py
[2026-03-08T12:20:05.033+0000] {processor.py:839} INFO - DAG(s) dict_keys(['mongo_replication']) retrieved from /opt/airflow/dags/replication_dag.py
[2026-03-08T12:20:05.386+0000] {logging_mixin.py:151} INFO - [2026-03-08T12:20:05.385+0000] {security.py:708} INFO - Not syncing DAG-level permissions for DAG 'DAG:mongo_replication' as access control is unset.
[2026-03-08T12:20:05.399+0000] {logging_mixin.py:151} INFO - [2026-03-08T12:20:05.388+0000] {dag.py:2915} INFO - Sync 1 DAGs
[2026-03-08T12:20:05.501+0000] {logging_mixin.py:151} INFO - [2026-03-08T12:20:05.500+0000] {dag.py:3696} INFO - Setting next_dagrun for mongo_replication to 2026-03-08T12:10:00+00:00, run_after=2026-03-08T12:20:00+00:00
[2026-03-08T12:20:05.541+0000] {processor.py:179} INFO - Processing /opt/airflow/dags/replication_dag.py took 0.578 seconds
[2026-03-08T12:20:35.680+0000] {processor.py:157} INFO - Started process (PID=365) to work on /opt/airflow/dags/replication_dag.py
[2026-03-08T12:20:35.683+0000] {processor.py:829} INFO - Processing file /opt/airflow/dags/replication_dag.py for tasks to queue
[2026-03-08T12:20:35.687+0000] {logging_mixin.py:151} INFO - [2026-03-08T12:20:35.686+0000] {dagbag.py:539} INFO - Filling up the DagBag from /opt/airflow/dags/replication_dag.py
[2026-03-08T12:20:35.719+0000] {processor.py:839} INFO - DAG(s) dict_keys(['mongo_replication']) retrieved from /opt/airflow/dags/replication_dag.py
[2026-03-08T12:20:35.897+0000] {logging_mixin.py:151} INFO - [2026-03-08T12:20:35.896+0000] {security.py:708} INFO - Not syncing DAG-level permissions for DAG 'DAG:mongo_replication' as access control is unset.
[2026-03-08T12:20:35.898+0000] {logging_mixin.py:151} INFO - [2026-03-08T12:20:35.897+0000] {dag.py:2915} INFO - Sync 1 DAGs
[2026-03-08T12:20:35.942+0000] {logging_mixin.py:151} INFO - [2026-03-08T12:20:35.942+0000] {dag.py:3696} INFO - Setting next_dagrun for mongo_replication to 2026-03-08T12:10:00+00:00, run_after=2026-03-08T12:20:00+00:00
[2026-03-08T12:20:35.975+0000] {processor.py:179} INFO - Processing /opt/airflow/dags/replication_dag.py took 0.301 seconds
[2026-03-08T12:21:06.427+0000] {processor.py:157} INFO - Started process (PID=375) to work on /opt/airflow/dags/replication_dag.py
[2026-03-08T12:21:06.430+0000] {processor.py:829} INFO - Processing file /opt/airflow/dags/replication_dag.py for tasks to queue
[2026-03-08T12:21:06.434+0000] {logging_mixin.py:151} INFO - [2026-03-08T12:21:06.433+0000] {dagbag.py:539} INFO - Filling up the DagBag from /opt/airflow/dags/replication_dag.py
[2026-03-08T12:21:06.463+0000] {processor.py:839} INFO - DAG(s) dict_keys(['mongo_replication']) retrieved from /opt/airflow/dags/replication_dag.py
[2026-03-08T12:21:06.799+0000] {logging_mixin.py:151} INFO - [2026-03-08T12:21:06.796+0000] {security.py:708} INFO - Not syncing DAG-level permissions for DAG 'DAG:mongo_replication' as access control is unset.
[2026-03-08T12:21:06.801+0000] {logging_mixin.py:151} INFO - [2026-03-08T12:21:06.800+0000] {dag.py:2915} INFO - Sync 1 DAGs
[2026-03-08T12:21:06.861+0000] {logging_mixin.py:151} INFO - [2026-03-08T12:21:06.861+0000] {dag.py:3696} INFO - Setting next_dagrun for mongo_replication to 2026-03-08T12:10:00+00:00, run_after=2026-03-08T12:20:00+00:00
[2026-03-08T12:21:06.900+0000] {processor.py:179} INFO - Processing /opt/airflow/dags/replication_dag.py took 0.479 seconds
[2026-03-08T12:21:37.556+0000] {processor.py:157} INFO - Started process (PID=385) to work on /opt/airflow/dags/replication_dag.py
[2026-03-08T12:21:37.558+0000] {processor.py:829} INFO - Processing file /opt/airflow/dags/replication_dag.py for tasks to queue
[2026-03-08T12:21:37.562+0000] {logging_mixin.py:151} INFO - [2026-03-08T12:21:37.561+0000] {dagbag.py:539} INFO - Filling up the DagBag from /opt/airflow/dags/replication_dag.py
[2026-03-08T12:21:37.586+0000] {processor.py:839} INFO - DAG(s) dict_keys(['mongo_replication']) retrieved from /opt/airflow/dags/replication_dag.py
[2026-03-08T12:21:37.968+0000] {logging_mixin.py:151} INFO - [2026-03-08T12:21:37.968+0000] {security.py:708} INFO - Not syncing DAG-level permissions for DAG 'DAG:mongo_replication' as access control is unset.
[2026-03-08T12:21:37.972+0000] {logging_mixin.py:151} INFO - [2026-03-08T12:21:37.969+0000] {dag.py:2915} INFO - Sync 1 DAGs
[2026-03-08T12:21:38.025+0000] {logging_mixin.py:151} INFO - [2026-03-08T12:21:38.024+0000] {dag.py:3696} INFO - Setting next_dagrun for mongo_replication to 2026-03-08T12:10:00+00:00, run_after=2026-03-08T12:20:00+00:00
[2026-03-08T12:21:38.062+0000] {processor.py:179} INFO - Processing /opt/airflow/dags/replication_dag.py took 0.505 seconds
[2026-03-08T12:22:08.373+0000] {processor.py:157} INFO - Started process (PID=395) to work on /opt/airflow/dags/replication_dag.py
[2026-03-08T12:22:08.375+0000] {processor.py:829} INFO - Processing file /opt/airflow/dags/replication_dag.py for tasks to queue
[2026-03-08T12:22:08.380+0000] {logging_mixin.py:151} INFO - [2026-03-08T12:22:08.380+0000] {dagbag.py:539} INFO - Filling up the DagBag from /opt/airflow/dags/replication_dag.py
[2026-03-08T12:22:08.412+0000] {processor.py:839} INFO - DAG(s) dict_keys(['mongo_replication']) retrieved from /opt/airflow/dags/replication_dag.py
[2026-03-08T12:22:08.576+0000] {logging_mixin.py:151} INFO - [2026-03-08T12:22:08.575+0000] {security.py:708} INFO - Not syncing DAG-level permissions for DAG 'DAG:mongo_replication' as access control is unset.
[2026-03-08T12:22:08.577+0000] {logging_mixin.py:151} INFO - [2026-03-08T12:22:08.576+0000] {dag.py:2915} INFO - Sync 1 DAGs
[2026-03-08T12:22:08.608+0000] {logging_mixin.py:151} INFO - [2026-03-08T12:22:08.608+0000] {dag.py:3696} INFO - Setting next_dagrun for mongo_replication to 2026-03-08T12:10:00+00:00, run_after=2026-03-08T12:20:00+00:00
[2026-03-08T12:22:08.637+0000] {processor.py:179} INFO - Processing /opt/airflow/dags/replication_dag.py took 0.273 seconds
[2026-03-08T12:22:39.088+0000] {processor.py:157} INFO - Started process (PID=405) to work on /opt/airflow/dags/replication_dag.py
[2026-03-08T12:22:39.090+0000] {processor.py:829} INFO - Processing file /opt/airflow/dags/replication_dag.py for tasks to queue
[2026-03-08T12:22:39.093+0000] {logging_mixin.py:151} INFO - [2026-03-08T12:22:39.092+0000] {dagbag.py:539} INFO - Filling up the DagBag from /opt/airflow/dags/replication_dag.py
[2026-03-08T12:22:39.115+0000] {processor.py:839} INFO - DAG(s) dict_keys(['mongo_replication']) retrieved from /opt/airflow/dags/replication_dag.py
[2026-03-08T12:22:39.698+0000] {logging_mixin.py:151} INFO - [2026-03-08T12:22:39.697+0000] {security.py:708} INFO - Not syncing DAG-level permissions for DAG 'DAG:mongo_replication' as access control is unset.
[2026-03-08T12:22:39.701+0000] {logging_mixin.py:151} INFO - [2026-03-08T12:22:39.699+0000] {dag.py:2915} INFO - Sync 1 DAGs
[2026-03-08T12:22:39.936+0000] {logging_mixin.py:151} INFO - [2026-03-08T12:22:39.935+0000] {dag.py:3696} INFO - Setting next_dagrun for mongo_replication to 2026-03-08T12:10:00+00:00, run_after=2026-03-08T12:20:00+00:00
[2026-03-08T12:22:40.047+0000] {processor.py:179} INFO - Processing /opt/airflow/dags/replication_dag.py took 0.964 seconds
[2026-03-08T12:23:10.384+0000] {processor.py:157} INFO - Started process (PID=415) to work on /opt/airflow/dags/replication_dag.py
[2026-03-08T12:23:10.386+0000] {processor.py:829} INFO - Processing file /opt/airflow/dags/replication_dag.py for tasks to queue
[2026-03-08T12:23:10.390+0000] {logging_mixin.py:151} INFO - [2026-03-08T12:23:10.390+0000] {dagbag.py:539} INFO - Filling up the DagBag from /opt/airflow/dags/replication_dag.py
[2026-03-08T12:23:10.416+0000] {processor.py:839} INFO - DAG(s) dict_keys(['mongo_replication']) retrieved from /opt/airflow/dags/replication_dag.py
[2026-03-08T12:23:10.611+0000] {logging_mixin.py:151} INFO - [2026-03-08T12:23:10.610+0000] {security.py:708} INFO - Not syncing DAG-level permissions for DAG 'DAG:mongo_replication' as access control is unset.
[2026-03-08T12:23:10.613+0000] {logging_mixin.py:151} INFO - [2026-03-08T12:23:10.612+0000] {dag.py:2915} INFO - Sync 1 DAGs
[2026-03-08T12:23:10.663+0000] {logging_mixin.py:151} INFO - [2026-03-08T12:23:10.663+0000] {dag.py:3696} INFO - Setting next_dagrun for mongo_replication to 2026-03-08T12:10:00+00:00, run_after=2026-03-08T12:20:00+00:00
[2026-03-08T12:23:10.699+0000] {processor.py:179} INFO - Processing /opt/airflow/dags/replication_dag.py took 0.321 seconds
[2026-03-08T12:23:40.978+0000] {processor.py:157} INFO - Started process (PID=425) to work on /opt/airflow/dags/replication_dag.py
[2026-03-08T12:23:40.979+0000] {processor.py:829} INFO - Processing file /opt/airflow/dags/replication_dag.py for tasks to queue
[2026-03-08T12:23:40.983+0000] {logging_mixin.py:151} INFO - [2026-03-08T12:23:40.982+0000] {dagbag.py:539} INFO - Filling up the DagBag from /opt/airflow/dags/replication_dag.py
[2026-03-08T12:23:41.010+0000] {processor.py:839} INFO - DAG(s) dict_keys(['mongo_replication']) retrieved from /opt/airflow/dags/replication_dag.py
[2026-03-08T12:23:41.203+0000] {logging_mixin.py:151} INFO - [2026-03-08T12:23:41.203+0000] {security.py:708} INFO - Not syncing DAG-level permissions for DAG 'DAG:mongo_replication' as access control is unset.
[2026-03-08T12:23:41.205+0000] {logging_mixin.py:151} INFO - [2026-03-08T12:23:41.204+0000] {dag.py:2915} INFO - Sync 1 DAGs
[2026-03-08T12:23:41.257+0000] {logging_mixin.py:151} INFO - [2026-03-08T12:23:41.257+0000] {dag.py:3696} INFO - Setting next_dagrun for mongo_replication to 2026-03-08T12:10:00+00:00, run_after=2026-03-08T12:20:00+00:00
[2026-03-08T12:23:41.293+0000] {processor.py:179} INFO - Processing /opt/airflow/dags/replication_dag.py took 0.321 seconds
[2026-03-08T12:23:54.456+0000] {processor.py:157} INFO - Started process (PID=430) to work on /opt/airflow/dags/replication_dag.py
[2026-03-08T12:23:54.457+0000] {processor.py:829} INFO - Processing file /opt/airflow/dags/replication_dag.py for tasks to queue
[2026-03-08T12:23:54.461+0000] {logging_mixin.py:151} INFO - [2026-03-08T12:23:54.460+0000] {dagbag.py:539} INFO - Filling up the DagBag from /opt/airflow/dags/replication_dag.py
[2026-03-08T12:23:54.494+0000] {processor.py:839} INFO - DAG(s) dict_keys(['mongo_replication_full']) retrieved from /opt/airflow/dags/replication_dag.py
[2026-03-08T12:23:54.684+0000] {logging_mixin.py:151} INFO - [2026-03-08T12:23:54.684+0000] {manager.py:499} INFO - Created Permission View: %s
[2026-03-08T12:23:54.700+0000] {logging_mixin.py:151} INFO - [2026-03-08T12:23:54.700+0000] {manager.py:499} INFO - Created Permission View: %s
[2026-03-08T12:23:54.712+0000] {logging_mixin.py:151} INFO - [2026-03-08T12:23:54.711+0000] {manager.py:499} INFO - Created Permission View: %s
[2026-03-08T12:23:54.713+0000] {logging_mixin.py:151} INFO - [2026-03-08T12:23:54.712+0000] {security.py:708} INFO - Not syncing DAG-level permissions for DAG 'DAG:mongo_replication_full' as access control is unset.
[2026-03-08T12:23:54.713+0000] {logging_mixin.py:151} INFO - [2026-03-08T12:23:54.713+0000] {dag.py:2915} INFO - Sync 1 DAGs
[2026-03-08T12:23:54.734+0000] {logging_mixin.py:151} INFO - [2026-03-08T12:23:54.734+0000] {dag.py:2937} INFO - Creating ORM DAG for mongo_replication_full
[2026-03-08T12:23:54.751+0000] {logging_mixin.py:151} INFO - [2026-03-08T12:23:54.751+0000] {dag.py:3696} INFO - Setting next_dagrun for mongo_replication_full to 2026-03-08T12:10:00+00:00, run_after=2026-03-08T12:20:00+00:00
[2026-03-08T12:23:54.792+0000] {processor.py:179} INFO - Processing /opt/airflow/dags/replication_dag.py took 0.341 seconds
[2026-03-08T12:24:24.949+0000] {processor.py:157} INFO - Started process (PID=440) to work on /opt/airflow/dags/replication_dag.py
[2026-03-08T12:24:24.956+0000] {processor.py:829} INFO - Processing file /opt/airflow/dags/replication_dag.py for tasks to queue
[2026-03-08T12:24:24.959+0000] {logging_mixin.py:151} INFO - [2026-03-08T12:24:24.959+0000] {dagbag.py:539} INFO - Filling up the DagBag from /opt/airflow/dags/replication_dag.py
[2026-03-08T12:24:24.997+0000] {processor.py:839} INFO - DAG(s) dict_keys(['mongo_replication_full']) retrieved from /opt/airflow/dags/replication_dag.py
[2026-03-08T12:24:25.072+0000] {logging_mixin.py:151} INFO - [2026-03-08T12:24:25.071+0000] {dag.py:2915} INFO - Sync 1 DAGs
[2026-03-08T12:24:25.121+0000] {logging_mixin.py:151} INFO - [2026-03-08T12:24:25.121+0000] {dag.py:3696} INFO - Setting next_dagrun for mongo_replication_full to 2026-03-08T12:10:00+00:00, run_after=2026-03-08T12:20:00+00:00
[2026-03-08T12:24:25.155+0000] {processor.py:179} INFO - Processing /opt/airflow/dags/replication_dag.py took 0.215 seconds
[2026-03-08T12:24:55.407+0000] {processor.py:157} INFO - Started process (PID=450) to work on /opt/airflow/dags/replication_dag.py
[2026-03-08T12:24:55.409+0000] {processor.py:829} INFO - Processing file /opt/airflow/dags/replication_dag.py for tasks to queue
[2026-03-08T12:24:55.414+0000] {logging_mixin.py:151} INFO - [2026-03-08T12:24:55.413+0000] {dagbag.py:539} INFO - Filling up the DagBag from /opt/airflow/dags/replication_dag.py
[2026-03-08T12:24:55.438+0000] {processor.py:839} INFO - DAG(s) dict_keys(['mongo_replication_full']) retrieved from /opt/airflow/dags/replication_dag.py
[2026-03-08T12:24:55.494+0000] {logging_mixin.py:151} INFO - [2026-03-08T12:24:55.493+0000] {dag.py:2915} INFO - Sync 1 DAGs
[2026-03-08T12:24:55.533+0000] {logging_mixin.py:151} INFO - [2026-03-08T12:24:55.533+0000] {dag.py:3696} INFO - Setting next_dagrun for mongo_replication_full to 2026-03-08T12:10:00+00:00, run_after=2026-03-08T12:20:00+00:00
[2026-03-08T12:24:55.563+0000] {processor.py:179} INFO - Processing /opt/airflow/dags/replication_dag.py took 0.162 seconds
[2026-03-08T12:25:18.847+0000] {processor.py:157} INFO - Started process (PID=460) to work on /opt/airflow/dags/replication_dag.py
[2026-03-08T12:25:19.024+0000] {processor.py:829} INFO - Processing file /opt/airflow/dags/replication_dag.py for tasks to queue
[2026-03-08T12:25:19.032+0000] {logging_mixin.py:151} INFO - [2026-03-08T12:25:19.031+0000] {dagbag.py:539} INFO - Filling up the DagBag from /opt/airflow/dags/replication_dag.py
[2026-03-08T12:25:19.073+0000] {processor.py:839} INFO - DAG(s) dict_keys(['mongo_replication']) retrieved from /opt/airflow/dags/replication_dag.py
[2026-03-08T12:25:19.612+0000] {logging_mixin.py:151} INFO - [2026-03-08T12:25:19.612+0000] {security.py:708} INFO - Not syncing DAG-level permissions for DAG 'DAG:mongo_replication' as access control is unset.
[2026-03-08T12:25:19.613+0000] {logging_mixin.py:151} INFO - [2026-03-08T12:25:19.613+0000] {dag.py:2915} INFO - Sync 1 DAGs
[2026-03-08T12:25:19.667+0000] {logging_mixin.py:151} INFO - [2026-03-08T12:25:19.667+0000] {dag.py:3696} INFO - Setting next_dagrun for mongo_replication to 2026-03-08T12:10:00+00:00, run_after=2026-03-08T12:20:00+00:00
[2026-03-08T12:25:19.716+0000] {processor.py:179} INFO - Processing /opt/airflow/dags/replication_dag.py took 0.881 seconds
[2026-03-08T12:25:50.923+0000] {processor.py:157} INFO - Started process (PID=478) to work on /opt/airflow/dags/replication_dag.py
[2026-03-08T12:25:50.942+0000] {processor.py:829} INFO - Processing file /opt/airflow/dags/replication_dag.py for tasks to queue
[2026-03-08T12:25:50.968+0000] {logging_mixin.py:151} INFO - [2026-03-08T12:25:50.967+0000] {dagbag.py:539} INFO - Filling up the DagBag from /opt/airflow/dags/replication_dag.py
[2026-03-08T12:25:51.053+0000] {processor.py:839} INFO - DAG(s) dict_keys(['mongo_replication']) retrieved from /opt/airflow/dags/replication_dag.py
[2026-03-08T12:25:51.202+0000] {logging_mixin.py:151} INFO - [2026-03-08T12:25:51.201+0000] {dag.py:2915} INFO - Sync 1 DAGs
[2026-03-08T12:25:51.258+0000] {logging_mixin.py:151} INFO - [2026-03-08T12:25:51.258+0000] {dag.py:3696} INFO - Setting next_dagrun for mongo_replication to 2026-03-08T12:20:00+00:00, run_after=2026-03-08T12:30:00+00:00
[2026-03-08T12:25:51.298+0000] {processor.py:179} INFO - Processing /opt/airflow/dags/replication_dag.py took 0.512 seconds
[2026-03-08T12:26:21.902+0000] {processor.py:157} INFO - Started process (PID=500) to work on /opt/airflow/dags/replication_dag.py
[2026-03-08T12:26:21.904+0000] {processor.py:829} INFO - Processing file /opt/airflow/dags/replication_dag.py for tasks to queue
[2026-03-08T12:26:21.908+0000] {logging_mixin.py:151} INFO - [2026-03-08T12:26:21.908+0000] {dagbag.py:539} INFO - Filling up the DagBag from /opt/airflow/dags/replication_dag.py
[2026-03-08T12:26:21.967+0000] {processor.py:839} INFO - DAG(s) dict_keys(['mongo_replication']) retrieved from /opt/airflow/dags/replication_dag.py
[2026-03-08T12:26:22.042+0000] {logging_mixin.py:151} INFO - [2026-03-08T12:26:22.041+0000] {dag.py:2915} INFO - Sync 1 DAGs
[2026-03-08T12:26:22.098+0000] {logging_mixin.py:151} INFO - [2026-03-08T12:26:22.097+0000] {dag.py:3696} INFO - Setting next_dagrun for mongo_replication to 2026-03-08T12:20:00+00:00, run_after=2026-03-08T12:30:00+00:00
[2026-03-08T12:26:22.140+0000] {processor.py:179} INFO - Processing /opt/airflow/dags/replication_dag.py took 0.249 seconds
[2026-03-08T12:26:52.470+0000] {processor.py:157} INFO - Started process (PID=510) to work on /opt/airflow/dags/replication_dag.py
[2026-03-08T12:26:52.471+0000] {processor.py:829} INFO - Processing file /opt/airflow/dags/replication_dag.py for tasks to queue
[2026-03-08T12:26:52.475+0000] {logging_mixin.py:151} INFO - [2026-03-08T12:26:52.475+0000] {dagbag.py:539} INFO - Filling up the DagBag from /opt/airflow/dags/replication_dag.py
[2026-03-08T12:26:52.497+0000] {processor.py:839} INFO - DAG(s) dict_keys(['mongo_replication']) retrieved from /opt/airflow/dags/replication_dag.py
[2026-03-08T12:26:52.563+0000] {logging_mixin.py:151} INFO - [2026-03-08T12:26:52.562+0000] {dag.py:2915} INFO - Sync 1 DAGs
[2026-03-08T12:26:52.604+0000] {logging_mixin.py:151} INFO - [2026-03-08T12:26:52.604+0000] {dag.py:3696} INFO - Setting next_dagrun for mongo_replication to 2026-03-08T12:20:00+00:00, run_after=2026-03-08T12:30:00+00:00
[2026-03-08T12:26:52.636+0000] {processor.py:179} INFO - Processing /opt/airflow/dags/replication_dag.py took 0.173 seconds
[2026-03-08T12:27:23.155+0000] {processor.py:157} INFO - Started process (PID=520) to work on /opt/airflow/dags/replication_dag.py
[2026-03-08T12:27:23.156+0000] {processor.py:829} INFO - Processing file /opt/airflow/dags/replication_dag.py for tasks to queue
[2026-03-08T12:27:23.160+0000] {logging_mixin.py:151} INFO - [2026-03-08T12:27:23.160+0000] {dagbag.py:539} INFO - Filling up the DagBag from /opt/airflow/dags/replication_dag.py
[2026-03-08T12:27:23.183+0000] {processor.py:839} INFO - DAG(s) dict_keys(['mongo_replication']) retrieved from /opt/airflow/dags/replication_dag.py
[2026-03-08T12:27:23.245+0000] {logging_mixin.py:151} INFO - [2026-03-08T12:27:23.244+0000] {dag.py:2915} INFO - Sync 1 DAGs
[2026-03-08T12:27:23.296+0000] {logging_mixin.py:151} INFO - [2026-03-08T12:27:23.295+0000] {dag.py:3696} INFO - Setting next_dagrun for mongo_replication to 2026-03-08T12:20:00+00:00, run_after=2026-03-08T12:30:00+00:00
[2026-03-08T12:27:23.331+0000] {processor.py:179} INFO - Processing /opt/airflow/dags/replication_dag.py took 0.182 seconds
[2026-03-08T12:27:25.188+0000] {processor.py:157} INFO - Started process (PID=525) to work on /opt/airflow/dags/replication_dag.py
[2026-03-08T12:27:25.189+0000] {processor.py:829} INFO - Processing file /opt/airflow/dags/replication_dag.py for tasks to queue
[2026-03-08T12:27:25.193+0000] {logging_mixin.py:151} INFO - [2026-03-08T12:27:25.193+0000] {dagbag.py:539} INFO - Filling up the DagBag from /opt/airflow/dags/replication_dag.py
[2026-03-08T12:27:25.224+0000] {processor.py:839} INFO - DAG(s) dict_keys(['mongo_replication']) retrieved from /opt/airflow/dags/replication_dag.py
[2026-03-08T12:27:25.519+0000] {logging_mixin.py:151} INFO - [2026-03-08T12:27:25.518+0000] {security.py:708} INFO - Not syncing DAG-level permissions for DAG 'DAG:mongo_replication' as access control is unset.
[2026-03-08T12:27:25.522+0000] {logging_mixin.py:151} INFO - [2026-03-08T12:27:25.520+0000] {dag.py:2915} INFO - Sync 1 DAGs
[2026-03-08T12:27:25.578+0000] {logging_mixin.py:151} INFO - [2026-03-08T12:27:25.578+0000] {dag.py:3696} INFO - Setting next_dagrun for mongo_replication to 2026-03-08T12:20:00+00:00, run_after=2026-03-09T12:20:00+00:00
[2026-03-08T12:27:25.626+0000] {processor.py:179} INFO - Processing /opt/airflow/dags/replication_dag.py took 0.446 seconds
[2026-03-08T12:27:56.294+0000] {processor.py:157} INFO - Started process (PID=535) to work on /opt/airflow/dags/replication_dag.py
[2026-03-08T12:27:56.296+0000] {processor.py:829} INFO - Processing file /opt/airflow/dags/replication_dag.py for tasks to queue
[2026-03-08T12:27:56.301+0000] {logging_mixin.py:151} INFO - [2026-03-08T12:27:56.300+0000] {dagbag.py:539} INFO - Filling up the DagBag from /opt/airflow/dags/replication_dag.py
[2026-03-08T12:27:56.330+0000] {processor.py:839} INFO - DAG(s) dict_keys(['mongo_replication']) retrieved from /opt/airflow/dags/replication_dag.py
[2026-03-08T12:27:56.420+0000] {logging_mixin.py:151} INFO - [2026-03-08T12:27:56.418+0000] {dag.py:2915} INFO - Sync 1 DAGs
[2026-03-08T12:27:56.470+0000] {logging_mixin.py:151} INFO - [2026-03-08T12:27:56.470+0000] {dag.py:3696} INFO - Setting next_dagrun for mongo_replication to 2026-03-08T12:20:00+00:00, run_after=2026-03-09T12:20:00+00:00
[2026-03-08T12:27:56.509+0000] {processor.py:179} INFO - Processing /opt/airflow/dags/replication_dag.py took 0.223 seconds
[2026-03-08T12:28:26.624+0000] {processor.py:157} INFO - Started process (PID=545) to work on /opt/airflow/dags/replication_dag.py
[2026-03-08T12:28:26.627+0000] {processor.py:829} INFO - Processing file /opt/airflow/dags/replication_dag.py for tasks to queue
[2026-03-08T12:28:26.632+0000] {logging_mixin.py:151} INFO - [2026-03-08T12:28:26.632+0000] {dagbag.py:539} INFO - Filling up the DagBag from /opt/airflow/dags/replication_dag.py
[2026-03-08T12:28:26.653+0000] {processor.py:839} INFO - DAG(s) dict_keys(['mongo_replication']) retrieved from /opt/airflow/dags/replication_dag.py
[2026-03-08T12:28:26.711+0000] {logging_mixin.py:151} INFO - [2026-03-08T12:28:26.710+0000] {dag.py:2915} INFO - Sync 1 DAGs
[2026-03-08T12:28:26.746+0000] {logging_mixin.py:151} INFO - [2026-03-08T12:28:26.745+0000] {dag.py:3696} INFO - Setting next_dagrun for mongo_replication to 2026-03-08T12:20:00+00:00, run_after=2026-03-09T12:20:00+00:00
[2026-03-08T12:28:26.776+0000] {processor.py:179} INFO - Processing /opt/airflow/dags/replication_dag.py took 0.160 seconds
[2026-03-08T12:28:57.067+0000] {processor.py:157} INFO - Started process (PID=555) to work on /opt/airflow/dags/replication_dag.py
[2026-03-08T12:28:57.068+0000] {processor.py:829} INFO - Processing file /opt/airflow/dags/replication_dag.py for tasks to queue
[2026-03-08T12:28:57.071+0000] {logging_mixin.py:151} INFO - [2026-03-08T12:28:57.071+0000] {dagbag.py:539} INFO - Filling up the DagBag from /opt/airflow/dags/replication_dag.py
[2026-03-08T12:28:57.088+0000] {processor.py:839} INFO - DAG(s) dict_keys(['mongo_replication']) retrieved from /opt/airflow/dags/replication_dag.py
[2026-03-08T12:28:57.160+0000] {logging_mixin.py:151} INFO - [2026-03-08T12:28:57.159+0000] {dag.py:2915} INFO - Sync 1 DAGs
[2026-03-08T12:28:57.221+0000] {logging_mixin.py:151} INFO - [2026-03-08T12:28:57.221+0000] {dag.py:3696} INFO - Setting next_dagrun for mongo_replication to 2026-03-08T12:20:00+00:00, run_after=2026-03-09T12:20:00+00:00
[2026-03-08T12:28:57.265+0000] {processor.py:179} INFO - Processing /opt/airflow/dags/replication_dag.py took 0.204 seconds
[2026-03-08T12:29:07.217+0000] {processor.py:157} INFO - Started process (PID=560) to work on /opt/airflow/dags/replication_dag.py
[2026-03-08T12:29:07.221+0000] {processor.py:829} INFO - Processing file /opt/airflow/dags/replication_dag.py for tasks to queue
[2026-03-08T12:29:07.230+0000] {logging_mixin.py:151} INFO - [2026-03-08T12:29:07.229+0000] {dagbag.py:539} INFO - Filling up the DagBag from /opt/airflow/dags/replication_dag.py
[2026-03-08T12:29:07.400+0000] {processor.py:839} INFO - DAG(s) dict_keys(['mongo_replication']) retrieved from /opt/airflow/dags/replication_dag.py
[2026-03-08T12:29:08.090+0000] {logging_mixin.py:151} INFO - [2026-03-08T12:29:08.090+0000] {security.py:708} INFO - Not syncing DAG-level permissions for DAG 'DAG:mongo_replication' as access control is unset.
[2026-03-08T12:29:08.093+0000] {logging_mixin.py:151} INFO - [2026-03-08T12:29:08.091+0000] {dag.py:2915} INFO - Sync 1 DAGs
[2026-03-08T12:29:08.183+0000] {logging_mixin.py:151} INFO - [2026-03-08T12:29:08.180+0000] {dag.py:3696} INFO - Setting next_dagrun for mongo_replication to 2026-03-08T12:20:00+00:00, run_after=2026-03-08T12:30:00+00:00
[2026-03-08T12:29:09.236+0000] {processor.py:179} INFO - Processing /opt/airflow/dags/replication_dag.py took 2.039 seconds
[2026-03-08T12:29:26.000+0000] {processor.py:157} INFO - Started process (PID=575) to work on /opt/airflow/dags/replication_dag.py
[2026-03-08T12:29:26.003+0000] {processor.py:829} INFO - Processing file /opt/airflow/dags/replication_dag.py for tasks to queue
[2026-03-08T12:29:26.007+0000] {logging_mixin.py:151} INFO - [2026-03-08T12:29:26.007+0000] {dagbag.py:539} INFO - Filling up the DagBag from /opt/airflow/dags/replication_dag.py
[2026-03-08T12:29:26.064+0000] {processor.py:839} INFO - DAG(s) dict_keys(['mongo_replication']) retrieved from /opt/airflow/dags/replication_dag.py
[2026-03-08T12:29:26.246+0000] {logging_mixin.py:151} INFO - [2026-03-08T12:29:26.244+0000] {dag.py:2915} INFO - Sync 1 DAGs
[2026-03-08T12:29:26.353+0000] {logging_mixin.py:151} INFO - [2026-03-08T12:29:26.353+0000] {dag.py:3696} INFO - Setting next_dagrun for mongo_replication to 2026-03-08T12:20:00+00:00, run_after=2026-03-09T12:20:00+00:00
[2026-03-08T12:29:26.395+0000] {processor.py:179} INFO - Processing /opt/airflow/dags/replication_dag.py took 0.402 seconds
[2026-03-08T12:29:56.598+0000] {processor.py:157} INFO - Started process (PID=585) to work on /opt/airflow/dags/replication_dag.py
[2026-03-08T12:29:56.599+0000] {processor.py:829} INFO - Processing file /opt/airflow/dags/replication_dag.py for tasks to queue
[2026-03-08T12:29:56.603+0000] {logging_mixin.py:151} INFO - [2026-03-08T12:29:56.603+0000] {dagbag.py:539} INFO - Filling up the DagBag from /opt/airflow/dags/replication_dag.py
[2026-03-08T12:29:56.625+0000] {processor.py:839} INFO - DAG(s) dict_keys(['mongo_replication']) retrieved from /opt/airflow/dags/replication_dag.py
[2026-03-08T12:29:56.872+0000] {logging_mixin.py:151} INFO - [2026-03-08T12:29:56.872+0000] {security.py:708} INFO - Not syncing DAG-level permissions for DAG 'DAG:mongo_replication' as access control is unset.
[2026-03-08T12:29:56.874+0000] {logging_mixin.py:151} INFO - [2026-03-08T12:29:56.873+0000] {dag.py:2915} INFO - Sync 1 DAGs
[2026-03-08T12:29:56.910+0000] {logging_mixin.py:151} INFO - [2026-03-08T12:29:56.909+0000] {dag.py:3696} INFO - Setting next_dagrun for mongo_replication to 2026-03-08T12:20:00+00:00, run_after=2026-03-09T12:20:00+00:00
[2026-03-08T12:29:56.945+0000] {processor.py:179} INFO - Processing /opt/airflow/dags/replication_dag.py took 0.356 seconds
[2026-03-08T12:30:27.402+0000] {processor.py:157} INFO - Started process (PID=595) to work on /opt/airflow/dags/replication_dag.py
[2026-03-08T12:30:27.403+0000] {processor.py:829} INFO - Processing file /opt/airflow/dags/replication_dag.py for tasks to queue
[2026-03-08T12:30:27.407+0000] {logging_mixin.py:151} INFO - [2026-03-08T12:30:27.406+0000] {dagbag.py:539} INFO - Filling up the DagBag from /opt/airflow/dags/replication_dag.py
[2026-03-08T12:30:27.426+0000] {processor.py:839} INFO - DAG(s) dict_keys(['mongo_replication']) retrieved from /opt/airflow/dags/replication_dag.py
[2026-03-08T12:30:27.488+0000] {logging_mixin.py:151} INFO - [2026-03-08T12:30:27.487+0000] {dag.py:2915} INFO - Sync 1 DAGs
[2026-03-08T12:30:27.524+0000] {logging_mixin.py:151} INFO - [2026-03-08T12:30:27.524+0000] {dag.py:3696} INFO - Setting next_dagrun for mongo_replication to 2026-03-08T12:20:00+00:00, run_after=2026-03-09T12:20:00+00:00
[2026-03-08T12:30:27.560+0000] {processor.py:179} INFO - Processing /opt/airflow/dags/replication_dag.py took 0.163 seconds
[2026-03-08T12:30:57.854+0000] {processor.py:157} INFO - Started process (PID=625) to work on /opt/airflow/dags/replication_dag.py
[2026-03-08T12:30:57.856+0000] {processor.py:829} INFO - Processing file /opt/airflow/dags/replication_dag.py for tasks to queue
[2026-03-08T12:30:57.860+0000] {logging_mixin.py:151} INFO - [2026-03-08T12:30:57.859+0000] {dagbag.py:539} INFO - Filling up the DagBag from /opt/airflow/dags/replication_dag.py
[2026-03-08T12:30:57.880+0000] {processor.py:839} INFO - DAG(s) dict_keys(['mongo_replication']) retrieved from /opt/airflow/dags/replication_dag.py
[2026-03-08T12:30:57.933+0000] {logging_mixin.py:151} INFO - [2026-03-08T12:30:57.932+0000] {dag.py:2915} INFO - Sync 1 DAGs
[2026-03-08T12:30:58.024+0000] {logging_mixin.py:151} INFO - [2026-03-08T12:30:58.024+0000] {dag.py:3696} INFO - Setting next_dagrun for mongo_replication to 2026-03-08T12:20:00+00:00, run_after=2026-03-09T12:20:00+00:00
[2026-03-08T12:30:58.059+0000] {processor.py:179} INFO - Processing /opt/airflow/dags/replication_dag.py took 0.210 seconds
[2026-03-08T12:31:28.203+0000] {processor.py:157} INFO - Started process (PID=635) to work on /opt/airflow/dags/replication_dag.py
[2026-03-08T12:31:28.204+0000] {processor.py:829} INFO - Processing file /opt/airflow/dags/replication_dag.py for tasks to queue
[2026-03-08T12:31:28.210+0000] {logging_mixin.py:151} INFO - [2026-03-08T12:31:28.209+0000] {dagbag.py:539} INFO - Filling up the DagBag from /opt/airflow/dags/replication_dag.py
[2026-03-08T12:31:28.240+0000] {processor.py:839} INFO - DAG(s) dict_keys(['mongo_replication']) retrieved from /opt/airflow/dags/replication_dag.py
[2026-03-08T12:31:28.308+0000] {logging_mixin.py:151} INFO - [2026-03-08T12:31:28.307+0000] {dag.py:2915} INFO - Sync 1 DAGs
[2026-03-08T12:31:28.347+0000] {logging_mixin.py:151} INFO - [2026-03-08T12:31:28.347+0000] {dag.py:3696} INFO - Setting next_dagrun for mongo_replication to 2026-03-08T12:20:00+00:00, run_after=2026-03-09T12:20:00+00:00
[2026-03-08T12:31:28.376+0000] {processor.py:179} INFO - Processing /opt/airflow/dags/replication_dag.py took 0.181 seconds
[2026-03-08T12:31:58.650+0000] {processor.py:157} INFO - Started process (PID=645) to work on /opt/airflow/dags/replication_dag.py
[2026-03-08T12:31:58.651+0000] {processor.py:829} INFO - Processing file /opt/airflow/dags/replication_dag.py for tasks to queue
[2026-03-08T12:31:58.654+0000] {logging_mixin.py:151} INFO - [2026-03-08T12:31:58.654+0000] {dagbag.py:539} INFO - Filling up the DagBag from /opt/airflow/dags/replication_dag.py
[2026-03-08T12:31:58.672+0000] {processor.py:839} INFO - DAG(s) dict_keys(['mongo_replication']) retrieved from /opt/airflow/dags/replication_dag.py
[2026-03-08T12:31:58.721+0000] {logging_mixin.py:151} INFO - [2026-03-08T12:31:58.721+0000] {dag.py:2915} INFO - Sync 1 DAGs
[2026-03-08T12:31:58.757+0000] {logging_mixin.py:151} INFO - [2026-03-08T12:31:58.757+0000] {dag.py:3696} INFO - Setting next_dagrun for mongo_replication to 2026-03-08T12:20:00+00:00, run_after=2026-03-09T12:20:00+00:00
[2026-03-08T12:31:58.793+0000] {processor.py:179} INFO - Processing /opt/airflow/dags/replication_dag.py took 0.149 seconds
[2026-03-08T12:32:29.189+0000] {processor.py:157} INFO - Started process (PID=655) to work on /opt/airflow/dags/replication_dag.py
[2026-03-08T12:32:29.190+0000] {processor.py:829} INFO - Processing file /opt/airflow/dags/replication_dag.py for tasks to queue
[2026-03-08T12:32:29.195+0000] {logging_mixin.py:151} INFO - [2026-03-08T12:32:29.194+0000] {dagbag.py:539} INFO - Filling up the DagBag from /opt/airflow/dags/replication_dag.py
[2026-03-08T12:32:29.218+0000] {processor.py:839} INFO - DAG(s) dict_keys(['mongo_replication']) retrieved from /opt/airflow/dags/replication_dag.py
[2026-03-08T12:32:29.280+0000] {logging_mixin.py:151} INFO - [2026-03-08T12:32:29.279+0000] {dag.py:2915} INFO - Sync 1 DAGs
[2026-03-08T12:32:29.317+0000] {logging_mixin.py:151} INFO - [2026-03-08T12:32:29.316+0000] {dag.py:3696} INFO - Setting next_dagrun for mongo_replication to 2026-03-08T12:20:00+00:00, run_after=2026-03-09T12:20:00+00:00
[2026-03-08T12:32:29.347+0000] {processor.py:179} INFO - Processing /opt/airflow/dags/replication_dag.py took 0.164 seconds
[2026-03-08T12:32:59.645+0000] {processor.py:157} INFO - Started process (PID=665) to work on /opt/airflow/dags/replication_dag.py
[2026-03-08T12:32:59.646+0000] {processor.py:829} INFO - Processing file /opt/airflow/dags/replication_dag.py for tasks to queue
[2026-03-08T12:32:59.650+0000] {logging_mixin.py:151} INFO - [2026-03-08T12:32:59.649+0000] {dagbag.py:539} INFO - Filling up the DagBag from /opt/airflow/dags/replication_dag.py
[2026-03-08T12:32:59.667+0000] {processor.py:839} INFO - DAG(s) dict_keys(['mongo_replication']) retrieved from /opt/airflow/dags/replication_dag.py
[2026-03-08T12:32:59.718+0000] {logging_mixin.py:151} INFO - [2026-03-08T12:32:59.717+0000] {dag.py:2915} INFO - Sync 1 DAGs
[2026-03-08T12:32:59.750+0000] {logging_mixin.py:151} INFO - [2026-03-08T12:32:59.749+0000] {dag.py:3696} INFO - Setting next_dagrun for mongo_replication to 2026-03-08T12:20:00+00:00, run_after=2026-03-09T12:20:00+00:00
[2026-03-08T12:32:59.785+0000] {processor.py:179} INFO - Processing /opt/airflow/dags/replication_dag.py took 0.145 seconds
[2026-03-08T12:33:30.091+0000] {processor.py:157} INFO - Started process (PID=675) to work on /opt/airflow/dags/replication_dag.py
[2026-03-08T12:33:30.092+0000] {processor.py:829} INFO - Processing file /opt/airflow/dags/replication_dag.py for tasks to queue
[2026-03-08T12:33:30.095+0000] {logging_mixin.py:151} INFO - [2026-03-08T12:33:30.095+0000] {dagbag.py:539} INFO - Filling up the DagBag from /opt/airflow/dags/replication_dag.py
[2026-03-08T12:33:30.112+0000] {processor.py:839} INFO - DAG(s) dict_keys(['mongo_replication']) retrieved from /opt/airflow/dags/replication_dag.py
[2026-03-08T12:33:30.165+0000] {logging_mixin.py:151} INFO - [2026-03-08T12:33:30.164+0000] {dag.py:2915} INFO - Sync 1 DAGs
[2026-03-08T12:33:30.208+0000] {logging_mixin.py:151} INFO - [2026-03-08T12:33:30.207+0000] {dag.py:3696} INFO - Setting next_dagrun for mongo_replication to 2026-03-08T12:20:00+00:00, run_after=2026-03-09T12:20:00+00:00
[2026-03-08T12:33:30.245+0000] {processor.py:179} INFO - Processing /opt/airflow/dags/replication_dag.py took 0.160 seconds
[2026-03-08T12:34:00.464+0000] {processor.py:157} INFO - Started process (PID=685) to work on /opt/airflow/dags/replication_dag.py
[2026-03-08T12:34:00.467+0000] {processor.py:829} INFO - Processing file /opt/airflow/dags/replication_dag.py for tasks to queue
[2026-03-08T12:34:00.474+0000] {logging_mixin.py:151} INFO - [2026-03-08T12:34:00.473+0000] {dagbag.py:539} INFO - Filling up the DagBag from /opt/airflow/dags/replication_dag.py
[2026-03-08T12:34:00.494+0000] {processor.py:839} INFO - DAG(s) dict_keys(['mongo_replication']) retrieved from /opt/airflow/dags/replication_dag.py
[2026-03-08T12:34:00.545+0000] {logging_mixin.py:151} INFO - [2026-03-08T12:34:00.544+0000] {dag.py:2915} INFO - Sync 1 DAGs
[2026-03-08T12:34:00.579+0000] {logging_mixin.py:151} INFO - [2026-03-08T12:34:00.579+0000] {dag.py:3696} INFO - Setting next_dagrun for mongo_replication to 2026-03-08T12:20:00+00:00, run_after=2026-03-09T12:20:00+00:00
[2026-03-08T12:34:00.610+0000] {processor.py:179} INFO - Processing /opt/airflow/dags/replication_dag.py took 0.152 seconds
[2026-03-08T12:34:30.913+0000] {processor.py:157} INFO - Started process (PID=700) to work on /opt/airflow/dags/replication_dag.py
[2026-03-08T12:34:30.914+0000] {processor.py:829} INFO - Processing file /opt/airflow/dags/replication_dag.py for tasks to queue
[2026-03-08T12:34:30.918+0000] {logging_mixin.py:151} INFO - [2026-03-08T12:34:30.917+0000] {dagbag.py:539} INFO - Filling up the DagBag from /opt/airflow/dags/replication_dag.py
[2026-03-08T12:34:30.938+0000] {processor.py:839} INFO - DAG(s) dict_keys(['mongo_replication']) retrieved from /opt/airflow/dags/replication_dag.py
[2026-03-08T12:34:30.990+0000] {logging_mixin.py:151} INFO - [2026-03-08T12:34:30.989+0000] {dag.py:2915} INFO - Sync 1 DAGs
[2026-03-08T12:34:31.025+0000] {logging_mixin.py:151} INFO - [2026-03-08T12:34:31.024+0000] {dag.py:3696} INFO - Setting next_dagrun for mongo_replication to 2026-03-08T12:20:00+00:00, run_after=2026-03-09T12:20:00+00:00
[2026-03-08T12:34:31.058+0000] {processor.py:179} INFO - Processing /opt/airflow/dags/replication_dag.py took 0.150 seconds
[2026-03-08T12:35:01.375+0000] {processor.py:157} INFO - Started process (PID=710) to work on /opt/airflow/dags/replication_dag.py
[2026-03-08T12:35:01.376+0000] {processor.py:829} INFO - Processing file /opt/airflow/dags/replication_dag.py for tasks to queue
[2026-03-08T12:35:01.380+0000] {logging_mixin.py:151} INFO - [2026-03-08T12:35:01.379+0000] {dagbag.py:539} INFO - Filling up the DagBag from /opt/airflow/dags/replication_dag.py
[2026-03-08T12:35:01.396+0000] {processor.py:839} INFO - DAG(s) dict_keys(['mongo_replication']) retrieved from /opt/airflow/dags/replication_dag.py
[2026-03-08T12:35:01.444+0000] {logging_mixin.py:151} INFO - [2026-03-08T12:35:01.443+0000] {dag.py:2915} INFO - Sync 1 DAGs
[2026-03-08T12:35:01.477+0000] {logging_mixin.py:151} INFO - [2026-03-08T12:35:01.477+0000] {dag.py:3696} INFO - Setting next_dagrun for mongo_replication to 2026-03-08T12:20:00+00:00, run_after=2026-03-09T12:20:00+00:00
[2026-03-08T12:35:01.507+0000] {processor.py:179} INFO - Processing /opt/airflow/dags/replication_dag.py took 0.138 seconds
[2026-03-08T12:35:31.785+0000] {processor.py:157} INFO - Started process (PID=720) to work on /opt/airflow/dags/replication_dag.py
[2026-03-08T12:35:31.786+0000] {processor.py:829} INFO - Processing file /opt/airflow/dags/replication_dag.py for tasks to queue
[2026-03-08T12:35:31.790+0000] {logging_mixin.py:151} INFO - [2026-03-08T12:35:31.789+0000] {dagbag.py:539} INFO - Filling up the DagBag from /opt/airflow/dags/replication_dag.py
[2026-03-08T12:35:31.812+0000] {processor.py:839} INFO - DAG(s) dict_keys(['mongo_replication']) retrieved from /opt/airflow/dags/replication_dag.py
[2026-03-08T12:35:31.865+0000] {logging_mixin.py:151} INFO - [2026-03-08T12:35:31.864+0000] {dag.py:2915} INFO - Sync 1 DAGs
[2026-03-08T12:35:31.898+0000] {logging_mixin.py:151} INFO - [2026-03-08T12:35:31.897+0000] {dag.py:3696} INFO - Setting next_dagrun for mongo_replication to 2026-03-08T12:20:00+00:00, run_after=2026-03-09T12:20:00+00:00
[2026-03-08T12:35:31.927+0000] {processor.py:179} INFO - Processing /opt/airflow/dags/replication_dag.py took 0.148 seconds
[2026-03-08T12:36:02.378+0000] {processor.py:157} INFO - Started process (PID=730) to work on /opt/airflow/dags/replication_dag.py
[2026-03-08T12:36:02.382+0000] {processor.py:829} INFO - Processing file /opt/airflow/dags/replication_dag.py for tasks to queue
[2026-03-08T12:36:02.388+0000] {logging_mixin.py:151} INFO - [2026-03-08T12:36:02.387+0000] {dagbag.py:539} INFO - Filling up the DagBag from /opt/airflow/dags/replication_dag.py
[2026-03-08T12:36:02.439+0000] {processor.py:839} INFO - DAG(s) dict_keys(['mongo_replication']) retrieved from /opt/airflow/dags/replication_dag.py
[2026-03-08T12:36:02.567+0000] {logging_mixin.py:151} INFO - [2026-03-08T12:36:02.566+0000] {dag.py:2915} INFO - Sync 1 DAGs
[2026-03-08T12:36:02.646+0000] {logging_mixin.py:151} INFO - [2026-03-08T12:36:02.642+0000] {dag.py:3696} INFO - Setting next_dagrun for mongo_replication to 2026-03-08T12:20:00+00:00, run_after=2026-03-09T12:20:00+00:00
[2026-03-08T12:36:02.735+0000] {processor.py:179} INFO - Processing /opt/airflow/dags/replication_dag.py took 0.370 seconds
[2026-03-08T12:36:13.594+0000] {processor.py:157} INFO - Started process (PID=735) to work on /opt/airflow/dags/replication_dag.py
[2026-03-08T12:36:13.596+0000] {processor.py:829} INFO - Processing file /opt/airflow/dags/replication_dag.py for tasks to queue
[2026-03-08T12:36:13.600+0000] {logging_mixin.py:151} INFO - [2026-03-08T12:36:13.600+0000] {dagbag.py:539} INFO - Filling up the DagBag from /opt/airflow/dags/replication_dag.py
[2026-03-08T12:36:13.681+0000] {processor.py:839} INFO - DAG(s) dict_keys(['mongo_replication']) retrieved from /opt/airflow/dags/replication_dag.py
[2026-03-08T12:36:13.922+0000] {logging_mixin.py:151} INFO - [2026-03-08T12:36:13.922+0000] {security.py:708} INFO - Not syncing DAG-level permissions for DAG 'DAG:mongo_replication' as access control is unset.
[2026-03-08T12:36:13.924+0000] {logging_mixin.py:151} INFO - [2026-03-08T12:36:13.923+0000] {dag.py:2915} INFO - Sync 1 DAGs
[2026-03-08T12:36:13.958+0000] {logging_mixin.py:151} INFO - [2026-03-08T12:36:13.957+0000] {dag.py:3696} INFO - Setting next_dagrun for mongo_replication to 2026-03-08T12:20:00+00:00, run_after=2026-03-08T12:30:00+00:00
[2026-03-08T12:36:13.996+0000] {processor.py:179} INFO - Processing /opt/airflow/dags/replication_dag.py took 0.408 seconds
[2026-03-08T12:36:44.682+0000] {processor.py:157} INFO - Started process (PID=755) to work on /opt/airflow/dags/replication_dag.py
[2026-03-08T12:36:44.683+0000] {processor.py:829} INFO - Processing file /opt/airflow/dags/replication_dag.py for tasks to queue
[2026-03-08T12:36:44.687+0000] {logging_mixin.py:151} INFO - [2026-03-08T12:36:44.687+0000] {dagbag.py:539} INFO - Filling up the DagBag from /opt/airflow/dags/replication_dag.py
[2026-03-08T12:36:44.713+0000] {processor.py:839} INFO - DAG(s) dict_keys(['mongo_replication']) retrieved from /opt/airflow/dags/replication_dag.py
[2026-03-08T12:36:44.787+0000] {logging_mixin.py:151} INFO - [2026-03-08T12:36:44.786+0000] {dag.py:2915} INFO - Sync 1 DAGs
[2026-03-08T12:36:44.822+0000] {logging_mixin.py:151} INFO - [2026-03-08T12:36:44.822+0000] {dag.py:3696} INFO - Setting next_dagrun for mongo_replication to 2026-03-08T12:30:00+00:00, run_after=2026-03-08T12:40:00+00:00
[2026-03-08T12:36:44.852+0000] {processor.py:179} INFO - Processing /opt/airflow/dags/replication_dag.py took 0.176 seconds
[2026-03-08T12:36:59.912+0000] {processor.py:157} INFO - Started process (PID=765) to work on /opt/airflow/dags/replication_dag.py
[2026-03-08T12:36:59.914+0000] {processor.py:829} INFO - Processing file /opt/airflow/dags/replication_dag.py for tasks to queue
[2026-03-08T12:36:59.919+0000] {logging_mixin.py:151} INFO - [2026-03-08T12:36:59.918+0000] {dagbag.py:539} INFO - Filling up the DagBag from /opt/airflow/dags/replication_dag.py
[2026-03-08T12:36:59.959+0000] {processor.py:839} INFO - DAG(s) dict_keys(['mongo_replication']) retrieved from /opt/airflow/dags/replication_dag.py
[2026-03-08T12:37:00.023+0000] {logging_mixin.py:151} INFO - [2026-03-08T12:37:00.022+0000] {dag.py:2915} INFO - Sync 1 DAGs
[2026-03-08T12:37:00.068+0000] {logging_mixin.py:151} INFO - [2026-03-08T12:37:00.068+0000] {dag.py:3696} INFO - Setting next_dagrun for mongo_replication to 2026-03-08T12:30:00+00:00, run_after=2026-03-08T12:40:00+00:00
[2026-03-08T12:37:00.106+0000] {processor.py:179} INFO - Processing /opt/airflow/dags/replication_dag.py took 0.200 seconds
[2026-03-08T12:37:30.648+0000] {processor.py:157} INFO - Started process (PID=780) to work on /opt/airflow/dags/replication_dag.py
[2026-03-08T12:37:30.651+0000] {processor.py:829} INFO - Processing file /opt/airflow/dags/replication_dag.py for tasks to queue
[2026-03-08T12:37:30.655+0000] {logging_mixin.py:151} INFO - [2026-03-08T12:37:30.654+0000] {dagbag.py:539} INFO - Filling up the DagBag from /opt/airflow/dags/replication_dag.py
[2026-03-08T12:37:30.679+0000] {processor.py:839} INFO - DAG(s) dict_keys(['mongo_replication']) retrieved from /opt/airflow/dags/replication_dag.py
[2026-03-08T12:37:30.758+0000] {logging_mixin.py:151} INFO - [2026-03-08T12:37:30.757+0000] {dag.py:2915} INFO - Sync 1 DAGs
[2026-03-08T12:37:30.804+0000] {logging_mixin.py:151} INFO - [2026-03-08T12:37:30.804+0000] {dag.py:3696} INFO - Setting next_dagrun for mongo_replication to 2026-03-08T12:30:00+00:00, run_after=2026-03-08T12:40:00+00:00
[2026-03-08T12:37:30.857+0000] {processor.py:179} INFO - Processing /opt/airflow/dags/replication_dag.py took 0.216 seconds
[2026-03-08T12:38:01.242+0000] {processor.py:157} INFO - Started process (PID=790) to work on /opt/airflow/dags/replication_dag.py
[2026-03-08T12:38:01.244+0000] {processor.py:829} INFO - Processing file /opt/airflow/dags/replication_dag.py for tasks to queue
[2026-03-08T12:38:01.247+0000] {logging_mixin.py:151} INFO - [2026-03-08T12:38:01.247+0000] {dagbag.py:539} INFO - Filling up the DagBag from /opt/airflow/dags/replication_dag.py
[2026-03-08T12:38:01.268+0000] {processor.py:839} INFO - DAG(s) dict_keys(['mongo_replication']) retrieved from /opt/airflow/dags/replication_dag.py
[2026-03-08T12:38:01.320+0000] {logging_mixin.py:151} INFO - [2026-03-08T12:38:01.319+0000] {dag.py:2915} INFO - Sync 1 DAGs
[2026-03-08T12:38:01.359+0000] {logging_mixin.py:151} INFO - [2026-03-08T12:38:01.358+0000] {dag.py:3696} INFO - Setting next_dagrun for mongo_replication to 2026-03-08T12:30:00+00:00, run_after=2026-03-08T12:40:00+00:00
[2026-03-08T12:38:01.389+0000] {processor.py:179} INFO - Processing /opt/airflow/dags/replication_dag.py took 0.152 seconds
[2026-03-08T12:38:31.672+0000] {processor.py:157} INFO - Started process (PID=800) to work on /opt/airflow/dags/replication_dag.py
[2026-03-08T12:38:31.673+0000] {processor.py:829} INFO - Processing file /opt/airflow/dags/replication_dag.py for tasks to queue
[2026-03-08T12:38:31.676+0000] {logging_mixin.py:151} INFO - [2026-03-08T12:38:31.676+0000] {dagbag.py:539} INFO - Filling up the DagBag from /opt/airflow/dags/replication_dag.py
[2026-03-08T12:38:31.705+0000] {processor.py:839} INFO - DAG(s) dict_keys(['mongo_replication']) retrieved from /opt/airflow/dags/replication_dag.py
[2026-03-08T12:38:31.776+0000] {logging_mixin.py:151} INFO - [2026-03-08T12:38:31.775+0000] {dag.py:2915} INFO - Sync 1 DAGs
[2026-03-08T12:38:31.826+0000] {logging_mixin.py:151} INFO - [2026-03-08T12:38:31.826+0000] {dag.py:3696} INFO - Setting next_dagrun for mongo_replication to 2026-03-08T12:30:00+00:00, run_after=2026-03-08T12:40:00+00:00
[2026-03-08T12:38:31.865+0000] {processor.py:179} INFO - Processing /opt/airflow/dags/replication_dag.py took 0.198 seconds
[2026-03-08T12:39:02.180+0000] {processor.py:157} INFO - Started process (PID=810) to work on /opt/airflow/dags/replication_dag.py
[2026-03-08T12:39:02.182+0000] {processor.py:829} INFO - Processing file /opt/airflow/dags/replication_dag.py for tasks to queue
[2026-03-08T12:39:02.186+0000] {logging_mixin.py:151} INFO - [2026-03-08T12:39:02.185+0000] {dagbag.py:539} INFO - Filling up the DagBag from /opt/airflow/dags/replication_dag.py
[2026-03-08T12:39:02.210+0000] {processor.py:839} INFO - DAG(s) dict_keys(['mongo_replication']) retrieved from /opt/airflow/dags/replication_dag.py
[2026-03-08T12:39:02.333+0000] {logging_mixin.py:151} INFO - [2026-03-08T12:39:02.327+0000] {dag.py:2915} INFO - Sync 1 DAGs
[2026-03-08T12:39:02.416+0000] {logging_mixin.py:151} INFO - [2026-03-08T12:39:02.415+0000] {dag.py:3696} INFO - Setting next_dagrun for mongo_replication to 2026-03-08T12:30:00+00:00, run_after=2026-03-08T12:40:00+00:00
[2026-03-08T12:39:02.459+0000] {processor.py:179} INFO - Processing /opt/airflow/dags/replication_dag.py took 0.284 seconds
[2026-03-08T12:39:32.879+0000] {processor.py:157} INFO - Started process (PID=820) to work on /opt/airflow/dags/replication_dag.py
[2026-03-08T12:39:32.892+0000] {processor.py:829} INFO - Processing file /opt/airflow/dags/replication_dag.py for tasks to queue
[2026-03-08T12:39:32.898+0000] {logging_mixin.py:151} INFO - [2026-03-08T12:39:32.897+0000] {dagbag.py:539} INFO - Filling up the DagBag from /opt/airflow/dags/replication_dag.py
[2026-03-08T12:39:32.922+0000] {processor.py:839} INFO - DAG(s) dict_keys(['mongo_replication']) retrieved from /opt/airflow/dags/replication_dag.py
[2026-03-08T12:39:32.998+0000] {logging_mixin.py:151} INFO - [2026-03-08T12:39:32.997+0000] {dag.py:2915} INFO - Sync 1 DAGs
[2026-03-08T12:39:33.083+0000] {logging_mixin.py:151} INFO - [2026-03-08T12:39:33.083+0000] {dag.py:3696} INFO - Setting next_dagrun for mongo_replication to 2026-03-08T12:30:00+00:00, run_after=2026-03-08T12:40:00+00:00
[2026-03-08T12:39:33.132+0000] {processor.py:179} INFO - Processing /opt/airflow/dags/replication_dag.py took 0.260 seconds
[2026-03-08T12:40:03.592+0000] {processor.py:157} INFO - Started process (PID=839) to work on /opt/airflow/dags/replication_dag.py
[2026-03-08T12:40:03.596+0000] {processor.py:829} INFO - Processing file /opt/airflow/dags/replication_dag.py for tasks to queue
[2026-03-08T12:40:03.604+0000] {logging_mixin.py:151} INFO - [2026-03-08T12:40:03.603+0000] {dagbag.py:539} INFO - Filling up the DagBag from /opt/airflow/dags/replication_dag.py
[2026-03-08T12:40:03.636+0000] {processor.py:839} INFO - DAG(s) dict_keys(['mongo_replication']) retrieved from /opt/airflow/dags/replication_dag.py
[2026-03-08T12:40:03.712+0000] {logging_mixin.py:151} INFO - [2026-03-08T12:40:03.711+0000] {dag.py:2915} INFO - Sync 1 DAGs
[2026-03-08T12:40:03.768+0000] {logging_mixin.py:151} INFO - [2026-03-08T12:40:03.768+0000] {dag.py:3696} INFO - Setting next_dagrun for mongo_replication to 2026-03-08T12:40:00+00:00, run_after=2026-03-08T12:50:00+00:00
[2026-03-08T12:40:03.808+0000] {processor.py:179} INFO - Processing /opt/airflow/dags/replication_dag.py took 0.227 seconds
[2026-03-08T12:40:34.059+0000] {processor.py:157} INFO - Started process (PID=849) to work on /opt/airflow/dags/replication_dag.py
[2026-03-08T12:40:34.061+0000] {processor.py:829} INFO - Processing file /opt/airflow/dags/replication_dag.py for tasks to queue
[2026-03-08T12:40:34.071+0000] {logging_mixin.py:151} INFO - [2026-03-08T12:40:34.070+0000] {dagbag.py:539} INFO - Filling up the DagBag from /opt/airflow/dags/replication_dag.py
[2026-03-08T12:40:34.125+0000] {processor.py:839} INFO - DAG(s) dict_keys(['mongo_replication']) retrieved from /opt/airflow/dags/replication_dag.py
[2026-03-08T12:40:34.240+0000] {logging_mixin.py:151} INFO - [2026-03-08T12:40:34.239+0000] {dag.py:2915} INFO - Sync 1 DAGs
[2026-03-08T12:40:34.339+0000] {logging_mixin.py:151} INFO - [2026-03-08T12:40:34.339+0000] {dag.py:3696} INFO - Setting next_dagrun for mongo_replication to 2026-03-08T12:40:00+00:00, run_after=2026-03-08T12:50:00+00:00
[2026-03-08T12:40:34.378+0000] {processor.py:179} INFO - Processing /opt/airflow/dags/replication_dag.py took 0.327 seconds
[2026-03-08T12:41:04.760+0000] {processor.py:157} INFO - Started process (PID=859) to work on /opt/airflow/dags/replication_dag.py
[2026-03-08T12:41:04.763+0000] {processor.py:829} INFO - Processing file /opt/airflow/dags/replication_dag.py for tasks to queue
[2026-03-08T12:41:04.767+0000] {logging_mixin.py:151} INFO - [2026-03-08T12:41:04.766+0000] {dagbag.py:539} INFO - Filling up the DagBag from /opt/airflow/dags/replication_dag.py
[2026-03-08T12:41:04.791+0000] {processor.py:839} INFO - DAG(s) dict_keys(['mongo_replication']) retrieved from /opt/airflow/dags/replication_dag.py
[2026-03-08T12:41:04.845+0000] {logging_mixin.py:151} INFO - [2026-03-08T12:41:04.844+0000] {dag.py:2915} INFO - Sync 1 DAGs
[2026-03-08T12:41:04.903+0000] {logging_mixin.py:151} INFO - [2026-03-08T12:41:04.902+0000] {dag.py:3696} INFO - Setting next_dagrun for mongo_replication to 2026-03-08T12:40:00+00:00, run_after=2026-03-08T12:50:00+00:00
[2026-03-08T12:41:04.932+0000] {processor.py:179} INFO - Processing /opt/airflow/dags/replication_dag.py took 0.179 seconds
[2026-03-08T12:41:35.072+0000] {processor.py:157} INFO - Started process (PID=869) to work on /opt/airflow/dags/replication_dag.py
[2026-03-08T12:41:35.074+0000] {processor.py:829} INFO - Processing file /opt/airflow/dags/replication_dag.py for tasks to queue
[2026-03-08T12:41:35.077+0000] {logging_mixin.py:151} INFO - [2026-03-08T12:41:35.077+0000] {dagbag.py:539} INFO - Filling up the DagBag from /opt/airflow/dags/replication_dag.py
[2026-03-08T12:41:35.097+0000] {processor.py:839} INFO - DAG(s) dict_keys(['mongo_replication']) retrieved from /opt/airflow/dags/replication_dag.py
[2026-03-08T12:41:35.150+0000] {logging_mixin.py:151} INFO - [2026-03-08T12:41:35.149+0000] {dag.py:2915} INFO - Sync 1 DAGs
[2026-03-08T12:41:35.222+0000] {logging_mixin.py:151} INFO - [2026-03-08T12:41:35.222+0000] {dag.py:3696} INFO - Setting next_dagrun for mongo_replication to 2026-03-08T12:40:00+00:00, run_after=2026-03-08T12:50:00+00:00
[2026-03-08T12:41:35.260+0000] {processor.py:179} INFO - Processing /opt/airflow/dags/replication_dag.py took 0.193 seconds
[2026-03-08T12:42:05.374+0000] {processor.py:157} INFO - Started process (PID=879) to work on /opt/airflow/dags/replication_dag.py
[2026-03-08T12:42:05.376+0000] {processor.py:829} INFO - Processing file /opt/airflow/dags/replication_dag.py for tasks to queue
[2026-03-08T12:42:05.381+0000] {logging_mixin.py:151} INFO - [2026-03-08T12:42:05.380+0000] {dagbag.py:539} INFO - Filling up the DagBag from /opt/airflow/dags/replication_dag.py
[2026-03-08T12:42:05.403+0000] {processor.py:839} INFO - DAG(s) dict_keys(['mongo_replication']) retrieved from /opt/airflow/dags/replication_dag.py
[2026-03-08T12:42:05.492+0000] {logging_mixin.py:151} INFO - [2026-03-08T12:42:05.489+0000] {dag.py:2915} INFO - Sync 1 DAGs
[2026-03-08T12:42:05.681+0000] {logging_mixin.py:151} INFO - [2026-03-08T12:42:05.681+0000] {dag.py:3696} INFO - Setting next_dagrun for mongo_replication to 2026-03-08T12:40:00+00:00, run_after=2026-03-08T12:50:00+00:00
[2026-03-08T12:42:05.708+0000] {processor.py:179} INFO - Processing /opt/airflow/dags/replication_dag.py took 0.340 seconds
[2026-03-08T12:42:36.401+0000] {processor.py:157} INFO - Started process (PID=889) to work on /opt/airflow/dags/replication_dag.py
[2026-03-08T12:42:36.403+0000] {processor.py:829} INFO - Processing file /opt/airflow/dags/replication_dag.py for tasks to queue
[2026-03-08T12:42:36.408+0000] {logging_mixin.py:151} INFO - [2026-03-08T12:42:36.408+0000] {dagbag.py:539} INFO - Filling up the DagBag from /opt/airflow/dags/replication_dag.py
[2026-03-08T12:42:36.431+0000] {processor.py:839} INFO - DAG(s) dict_keys(['mongo_replication']) retrieved from /opt/airflow/dags/replication_dag.py
[2026-03-08T12:42:36.500+0000] {logging_mixin.py:151} INFO - [2026-03-08T12:42:36.499+0000] {dag.py:2915} INFO - Sync 1 DAGs
[2026-03-08T12:42:36.860+0000] {logging_mixin.py:151} INFO - [2026-03-08T12:42:36.860+0000] {dag.py:3696} INFO - Setting next_dagrun for mongo_replication to 2026-03-08T12:40:00+00:00, run_after=2026-03-08T12:50:00+00:00
[2026-03-08T12:42:36.917+0000] {processor.py:179} INFO - Processing /opt/airflow/dags/replication_dag.py took 0.523 seconds
[2026-03-08T12:43:07.099+0000] {processor.py:157} INFO - Started process (PID=899) to work on /opt/airflow/dags/replication_dag.py
[2026-03-08T12:43:07.101+0000] {processor.py:829} INFO - Processing file /opt/airflow/dags/replication_dag.py for tasks to queue
[2026-03-08T12:43:07.105+0000] {logging_mixin.py:151} INFO - [2026-03-08T12:43:07.104+0000] {dagbag.py:539} INFO - Filling up the DagBag from /opt/airflow/dags/replication_dag.py
[2026-03-08T12:43:07.125+0000] {processor.py:839} INFO - DAG(s) dict_keys(['mongo_replication']) retrieved from /opt/airflow/dags/replication_dag.py
[2026-03-08T12:43:07.175+0000] {logging_mixin.py:151} INFO - [2026-03-08T12:43:07.174+0000] {dag.py:2915} INFO - Sync 1 DAGs
[2026-03-08T12:43:07.213+0000] {logging_mixin.py:151} INFO - [2026-03-08T12:43:07.213+0000] {dag.py:3696} INFO - Setting next_dagrun for mongo_replication to 2026-03-08T12:40:00+00:00, run_after=2026-03-08T12:50:00+00:00
[2026-03-08T12:43:07.245+0000] {processor.py:179} INFO - Processing /opt/airflow/dags/replication_dag.py took 0.152 seconds
[2026-03-08T12:43:37.722+0000] {processor.py:157} INFO - Started process (PID=909) to work on /opt/airflow/dags/replication_dag.py
[2026-03-08T12:43:37.723+0000] {processor.py:829} INFO - Processing file /opt/airflow/dags/replication_dag.py for tasks to queue
[2026-03-08T12:43:37.729+0000] {logging_mixin.py:151} INFO - [2026-03-08T12:43:37.728+0000] {dagbag.py:539} INFO - Filling up the DagBag from /opt/airflow/dags/replication_dag.py
[2026-03-08T12:43:37.753+0000] {processor.py:839} INFO - DAG(s) dict_keys(['mongo_replication']) retrieved from /opt/airflow/dags/replication_dag.py
[2026-03-08T12:43:37.825+0000] {logging_mixin.py:151} INFO - [2026-03-08T12:43:37.824+0000] {dag.py:2915} INFO - Sync 1 DAGs
[2026-03-08T12:43:37.888+0000] {logging_mixin.py:151} INFO - [2026-03-08T12:43:37.888+0000] {dag.py:3696} INFO - Setting next_dagrun for mongo_replication to 2026-03-08T12:40:00+00:00, run_after=2026-03-08T12:50:00+00:00
[2026-03-08T12:43:37.935+0000] {processor.py:179} INFO - Processing /opt/airflow/dags/replication_dag.py took 0.219 seconds
[2026-03-08T12:44:08.187+0000] {processor.py:157} INFO - Started process (PID=919) to work on /opt/airflow/dags/replication_dag.py
[2026-03-08T12:44:08.190+0000] {processor.py:829} INFO - Processing file /opt/airflow/dags/replication_dag.py for tasks to queue
[2026-03-08T12:44:08.203+0000] {logging_mixin.py:151} INFO - [2026-03-08T12:44:08.201+0000] {dagbag.py:539} INFO - Filling up the DagBag from /opt/airflow/dags/replication_dag.py
[2026-03-08T12:44:08.230+0000] {processor.py:839} INFO - DAG(s) dict_keys(['mongo_replication']) retrieved from /opt/airflow/dags/replication_dag.py
[2026-03-08T12:44:08.310+0000] {logging_mixin.py:151} INFO - [2026-03-08T12:44:08.309+0000] {dag.py:2915} INFO - Sync 1 DAGs
[2026-03-08T12:44:08.347+0000] {logging_mixin.py:151} INFO - [2026-03-08T12:44:08.347+0000] {dag.py:3696} INFO - Setting next_dagrun for mongo_replication to 2026-03-08T12:40:00+00:00, run_after=2026-03-08T12:50:00+00:00
[2026-03-08T12:44:08.376+0000] {processor.py:179} INFO - Processing /opt/airflow/dags/replication_dag.py took 0.194 seconds
[2026-03-08T12:44:38.759+0000] {processor.py:157} INFO - Started process (PID=929) to work on /opt/airflow/dags/replication_dag.py
[2026-03-08T12:44:38.760+0000] {processor.py:829} INFO - Processing file /opt/airflow/dags/replication_dag.py for tasks to queue
[2026-03-08T12:44:38.764+0000] {logging_mixin.py:151} INFO - [2026-03-08T12:44:38.763+0000] {dagbag.py:539} INFO - Filling up the DagBag from /opt/airflow/dags/replication_dag.py
[2026-03-08T12:44:38.785+0000] {processor.py:839} INFO - DAG(s) dict_keys(['mongo_replication']) retrieved from /opt/airflow/dags/replication_dag.py
[2026-03-08T12:44:38.836+0000] {logging_mixin.py:151} INFO - [2026-03-08T12:44:38.835+0000] {dag.py:2915} INFO - Sync 1 DAGs
[2026-03-08T12:44:38.874+0000] {logging_mixin.py:151} INFO - [2026-03-08T12:44:38.874+0000] {dag.py:3696} INFO - Setting next_dagrun for mongo_replication to 2026-03-08T12:40:00+00:00, run_after=2026-03-08T12:50:00+00:00
[2026-03-08T12:44:38.904+0000] {processor.py:179} INFO - Processing /opt/airflow/dags/replication_dag.py took 0.152 seconds
[2026-03-08T12:45:09.283+0000] {processor.py:157} INFO - Started process (PID=939) to work on /opt/airflow/dags/replication_dag.py
[2026-03-08T12:45:09.284+0000] {processor.py:829} INFO - Processing file /opt/airflow/dags/replication_dag.py for tasks to queue
[2026-03-08T12:45:09.288+0000] {logging_mixin.py:151} INFO - [2026-03-08T12:45:09.287+0000] {dagbag.py:539} INFO - Filling up the DagBag from /opt/airflow/dags/replication_dag.py
[2026-03-08T12:45:09.310+0000] {processor.py:839} INFO - DAG(s) dict_keys(['mongo_replication']) retrieved from /opt/airflow/dags/replication_dag.py
[2026-03-08T12:45:09.361+0000] {logging_mixin.py:151} INFO - [2026-03-08T12:45:09.360+0000] {dag.py:2915} INFO - Sync 1 DAGs
[2026-03-08T12:45:09.399+0000] {logging_mixin.py:151} INFO - [2026-03-08T12:45:09.399+0000] {dag.py:3696} INFO - Setting next_dagrun for mongo_replication to 2026-03-08T12:40:00+00:00, run_after=2026-03-08T12:50:00+00:00
[2026-03-08T12:45:09.430+0000] {processor.py:179} INFO - Processing /opt/airflow/dags/replication_dag.py took 0.154 seconds
[2026-03-08T12:45:39.976+0000] {processor.py:157} INFO - Started process (PID=949) to work on /opt/airflow/dags/replication_dag.py
[2026-03-08T12:45:39.978+0000] {processor.py:829} INFO - Processing file /opt/airflow/dags/replication_dag.py for tasks to queue
[2026-03-08T12:45:39.982+0000] {logging_mixin.py:151} INFO - [2026-03-08T12:45:39.981+0000] {dagbag.py:539} INFO - Filling up the DagBag from /opt/airflow/dags/replication_dag.py
[2026-03-08T12:45:40.004+0000] {processor.py:839} INFO - DAG(s) dict_keys(['mongo_replication']) retrieved from /opt/airflow/dags/replication_dag.py
[2026-03-08T12:45:40.060+0000] {logging_mixin.py:151} INFO - [2026-03-08T12:45:40.059+0000] {dag.py:2915} INFO - Sync 1 DAGs
[2026-03-08T12:45:40.102+0000] {logging_mixin.py:151} INFO - [2026-03-08T12:45:40.102+0000] {dag.py:3696} INFO - Setting next_dagrun for mongo_replication to 2026-03-08T12:40:00+00:00, run_after=2026-03-08T12:50:00+00:00
[2026-03-08T12:45:40.131+0000] {processor.py:179} INFO - Processing /opt/airflow/dags/replication_dag.py took 0.160 seconds
[2026-03-08T12:46:10.444+0000] {processor.py:157} INFO - Started process (PID=959) to work on /opt/airflow/dags/replication_dag.py
[2026-03-08T12:46:10.446+0000] {processor.py:829} INFO - Processing file /opt/airflow/dags/replication_dag.py for tasks to queue
[2026-03-08T12:46:10.449+0000] {logging_mixin.py:151} INFO - [2026-03-08T12:46:10.448+0000] {dagbag.py:539} INFO - Filling up the DagBag from /opt/airflow/dags/replication_dag.py
[2026-03-08T12:46:10.470+0000] {processor.py:839} INFO - DAG(s) dict_keys(['mongo_replication']) retrieved from /opt/airflow/dags/replication_dag.py
[2026-03-08T12:46:10.518+0000] {logging_mixin.py:151} INFO - [2026-03-08T12:46:10.518+0000] {dag.py:2915} INFO - Sync 1 DAGs
[2026-03-08T12:46:10.557+0000] {logging_mixin.py:151} INFO - [2026-03-08T12:46:10.557+0000] {dag.py:3696} INFO - Setting next_dagrun for mongo_replication to 2026-03-08T12:40:00+00:00, run_after=2026-03-08T12:50:00+00:00
[2026-03-08T12:46:10.597+0000] {processor.py:179} INFO - Processing /opt/airflow/dags/replication_dag.py took 0.158 seconds
[2026-03-08T12:46:41.011+0000] {processor.py:157} INFO - Started process (PID=969) to work on /opt/airflow/dags/replication_dag.py
[2026-03-08T12:46:41.012+0000] {processor.py:829} INFO - Processing file /opt/airflow/dags/replication_dag.py for tasks to queue
[2026-03-08T12:46:41.016+0000] {logging_mixin.py:151} INFO - [2026-03-08T12:46:41.015+0000] {dagbag.py:539} INFO - Filling up the DagBag from /opt/airflow/dags/replication_dag.py
[2026-03-08T12:46:41.039+0000] {processor.py:839} INFO - DAG(s) dict_keys(['mongo_replication']) retrieved from /opt/airflow/dags/replication_dag.py
[2026-03-08T12:46:41.091+0000] {logging_mixin.py:151} INFO - [2026-03-08T12:46:41.091+0000] {dag.py:2915} INFO - Sync 1 DAGs
[2026-03-08T12:46:41.132+0000] {logging_mixin.py:151} INFO - [2026-03-08T12:46:41.131+0000] {dag.py:3696} INFO - Setting next_dagrun for mongo_replication to 2026-03-08T12:40:00+00:00, run_after=2026-03-08T12:50:00+00:00
[2026-03-08T12:46:41.168+0000] {processor.py:179} INFO - Processing /opt/airflow/dags/replication_dag.py took 0.164 seconds
[2026-03-08T12:47:11.820+0000] {processor.py:157} INFO - Started process (PID=979) to work on /opt/airflow/dags/replication_dag.py
[2026-03-08T12:47:11.823+0000] {processor.py:829} INFO - Processing file /opt/airflow/dags/replication_dag.py for tasks to queue
[2026-03-08T12:47:11.826+0000] {logging_mixin.py:151} INFO - [2026-03-08T12:47:11.826+0000] {dagbag.py:539} INFO - Filling up the DagBag from /opt/airflow/dags/replication_dag.py
[2026-03-08T12:47:11.849+0000] {processor.py:839} INFO - DAG(s) dict_keys(['mongo_replication']) retrieved from /opt/airflow/dags/replication_dag.py
[2026-03-08T12:47:11.905+0000] {logging_mixin.py:151} INFO - [2026-03-08T12:47:11.905+0000] {dag.py:2915} INFO - Sync 1 DAGs
[2026-03-08T12:47:11.953+0000] {logging_mixin.py:151} INFO - [2026-03-08T12:47:11.953+0000] {dag.py:3696} INFO - Setting next_dagrun for mongo_replication to 2026-03-08T12:40:00+00:00, run_after=2026-03-08T12:50:00+00:00
[2026-03-08T12:47:11.988+0000] {processor.py:179} INFO - Processing /opt/airflow/dags/replication_dag.py took 0.173 seconds
[2026-03-08T12:47:42.407+0000] {processor.py:157} INFO - Started process (PID=989) to work on /opt/airflow/dags/replication_dag.py
[2026-03-08T12:47:42.409+0000] {processor.py:829} INFO - Processing file /opt/airflow/dags/replication_dag.py for tasks to queue
[2026-03-08T12:47:42.412+0000] {logging_mixin.py:151} INFO - [2026-03-08T12:47:42.412+0000] {dagbag.py:539} INFO - Filling up the DagBag from /opt/airflow/dags/replication_dag.py
[2026-03-08T12:47:42.496+0000] {processor.py:839} INFO - DAG(s) dict_keys(['mongo_replication']) retrieved from /opt/airflow/dags/replication_dag.py
[2026-03-08T12:47:42.666+0000] {logging_mixin.py:151} INFO - [2026-03-08T12:47:42.663+0000] {dag.py:2915} INFO - Sync 1 DAGs
[2026-03-08T12:47:42.736+0000] {logging_mixin.py:151} INFO - [2026-03-08T12:47:42.736+0000] {dag.py:3696} INFO - Setting next_dagrun for mongo_replication to 2026-03-08T12:40:00+00:00, run_after=2026-03-08T12:50:00+00:00
[2026-03-08T12:47:42.775+0000] {processor.py:179} INFO - Processing /opt/airflow/dags/replication_dag.py took 0.376 seconds
[2026-03-08T12:48:13.450+0000] {processor.py:157} INFO - Started process (PID=1006) to work on /opt/airflow/dags/replication_dag.py
[2026-03-08T12:48:13.452+0000] {processor.py:829} INFO - Processing file /opt/airflow/dags/replication_dag.py for tasks to queue
[2026-03-08T12:48:13.456+0000] {logging_mixin.py:151} INFO - [2026-03-08T12:48:13.455+0000] {dagbag.py:539} INFO - Filling up the DagBag from /opt/airflow/dags/replication_dag.py
[2026-03-08T12:48:13.476+0000] {processor.py:839} INFO - DAG(s) dict_keys(['mongo_replication']) retrieved from /opt/airflow/dags/replication_dag.py
[2026-03-08T12:48:13.527+0000] {logging_mixin.py:151} INFO - [2026-03-08T12:48:13.526+0000] {dag.py:2915} INFO - Sync 1 DAGs
[2026-03-08T12:48:13.565+0000] {logging_mixin.py:151} INFO - [2026-03-08T12:48:13.565+0000] {dag.py:3696} INFO - Setting next_dagrun for mongo_replication to 2026-03-08T12:40:00+00:00, run_after=2026-03-08T12:50:00+00:00
[2026-03-08T12:48:13.595+0000] {processor.py:179} INFO - Processing /opt/airflow/dags/replication_dag.py took 0.150 seconds
[2026-03-08T12:48:44.045+0000] {processor.py:157} INFO - Started process (PID=1016) to work on /opt/airflow/dags/replication_dag.py
[2026-03-08T12:48:44.047+0000] {processor.py:829} INFO - Processing file /opt/airflow/dags/replication_dag.py for tasks to queue
[2026-03-08T12:48:44.050+0000] {logging_mixin.py:151} INFO - [2026-03-08T12:48:44.050+0000] {dagbag.py:539} INFO - Filling up the DagBag from /opt/airflow/dags/replication_dag.py
[2026-03-08T12:48:44.071+0000] {processor.py:839} INFO - DAG(s) dict_keys(['mongo_replication']) retrieved from /opt/airflow/dags/replication_dag.py
[2026-03-08T12:48:44.126+0000] {logging_mixin.py:151} INFO - [2026-03-08T12:48:44.125+0000] {dag.py:2915} INFO - Sync 1 DAGs
[2026-03-08T12:48:44.168+0000] {logging_mixin.py:151} INFO - [2026-03-08T12:48:44.167+0000] {dag.py:3696} INFO - Setting next_dagrun for mongo_replication to 2026-03-08T12:40:00+00:00, run_after=2026-03-08T12:50:00+00:00
[2026-03-08T12:48:44.207+0000] {processor.py:179} INFO - Processing /opt/airflow/dags/replication_dag.py took 0.167 seconds
[2026-03-08T12:49:14.444+0000] {processor.py:157} INFO - Started process (PID=1026) to work on /opt/airflow/dags/replication_dag.py
[2026-03-08T12:49:14.446+0000] {processor.py:829} INFO - Processing file /opt/airflow/dags/replication_dag.py for tasks to queue
[2026-03-08T12:49:14.450+0000] {logging_mixin.py:151} INFO - [2026-03-08T12:49:14.449+0000] {dagbag.py:539} INFO - Filling up the DagBag from /opt/airflow/dags/replication_dag.py
[2026-03-08T12:49:14.471+0000] {processor.py:839} INFO - DAG(s) dict_keys(['mongo_replication']) retrieved from /opt/airflow/dags/replication_dag.py
[2026-03-08T12:49:14.526+0000] {logging_mixin.py:151} INFO - [2026-03-08T12:49:14.525+0000] {dag.py:2915} INFO - Sync 1 DAGs
[2026-03-08T12:49:14.569+0000] {logging_mixin.py:151} INFO - [2026-03-08T12:49:14.569+0000] {dag.py:3696} INFO - Setting next_dagrun for mongo_replication to 2026-03-08T12:40:00+00:00, run_after=2026-03-08T12:50:00+00:00
[2026-03-08T12:49:14.602+0000] {processor.py:179} INFO - Processing /opt/airflow/dags/replication_dag.py took 0.164 seconds
[2026-03-08T12:49:44.803+0000] {processor.py:157} INFO - Started process (PID=1036) to work on /opt/airflow/dags/replication_dag.py
[2026-03-08T12:49:44.807+0000] {processor.py:829} INFO - Processing file /opt/airflow/dags/replication_dag.py for tasks to queue
[2026-03-08T12:49:44.816+0000] {logging_mixin.py:151} INFO - [2026-03-08T12:49:44.815+0000] {dagbag.py:539} INFO - Filling up the DagBag from /opt/airflow/dags/replication_dag.py
[2026-03-08T12:49:44.863+0000] {processor.py:839} INFO - DAG(s) dict_keys(['mongo_replication']) retrieved from /opt/airflow/dags/replication_dag.py
[2026-03-08T12:49:44.982+0000] {logging_mixin.py:151} INFO - [2026-03-08T12:49:44.980+0000] {dag.py:2915} INFO - Sync 1 DAGs
[2026-03-08T12:49:45.063+0000] {logging_mixin.py:151} INFO - [2026-03-08T12:49:45.063+0000] {dag.py:3696} INFO - Setting next_dagrun for mongo_replication to 2026-03-08T12:40:00+00:00, run_after=2026-03-08T12:50:00+00:00
[2026-03-08T12:49:45.095+0000] {processor.py:179} INFO - Processing /opt/airflow/dags/replication_dag.py took 0.301 seconds
[2026-03-08T12:50:15.451+0000] {processor.py:157} INFO - Started process (PID=1051) to work on /opt/airflow/dags/replication_dag.py
[2026-03-08T12:50:15.456+0000] {processor.py:829} INFO - Processing file /opt/airflow/dags/replication_dag.py for tasks to queue
[2026-03-08T12:50:15.461+0000] {logging_mixin.py:151} INFO - [2026-03-08T12:50:15.460+0000] {dagbag.py:539} INFO - Filling up the DagBag from /opt/airflow/dags/replication_dag.py
[2026-03-08T12:50:15.484+0000] {processor.py:839} INFO - DAG(s) dict_keys(['mongo_replication']) retrieved from /opt/airflow/dags/replication_dag.py
[2026-03-08T12:50:15.545+0000] {logging_mixin.py:151} INFO - [2026-03-08T12:50:15.544+0000] {dag.py:2915} INFO - Sync 1 DAGs
[2026-03-08T12:50:15.593+0000] {logging_mixin.py:151} INFO - [2026-03-08T12:50:15.593+0000] {dag.py:3696} INFO - Setting next_dagrun for mongo_replication to 2026-03-08T12:50:00+00:00, run_after=2026-03-08T13:00:00+00:00
[2026-03-08T12:50:15.627+0000] {processor.py:179} INFO - Processing /opt/airflow/dags/replication_dag.py took 0.182 seconds
[2026-03-08T12:50:46.699+0000] {processor.py:157} INFO - Started process (PID=1061) to work on /opt/airflow/dags/replication_dag.py
[2026-03-08T12:50:46.743+0000] {processor.py:829} INFO - Processing file /opt/airflow/dags/replication_dag.py for tasks to queue
[2026-03-08T12:50:46.763+0000] {logging_mixin.py:151} INFO - [2026-03-08T12:50:46.762+0000] {dagbag.py:539} INFO - Filling up the DagBag from /opt/airflow/dags/replication_dag.py
[2026-03-08T12:50:46.889+0000] {processor.py:839} INFO - DAG(s) dict_keys(['mongo_replication']) retrieved from /opt/airflow/dags/replication_dag.py
[2026-03-08T12:50:47.105+0000] {logging_mixin.py:151} INFO - [2026-03-08T12:50:47.104+0000] {dag.py:2915} INFO - Sync 1 DAGs
[2026-03-08T12:50:47.229+0000] {logging_mixin.py:151} INFO - [2026-03-08T12:50:47.228+0000] {dag.py:3696} INFO - Setting next_dagrun for mongo_replication to 2026-03-08T12:50:00+00:00, run_after=2026-03-08T13:00:00+00:00
[2026-03-08T12:50:47.308+0000] {processor.py:179} INFO - Processing /opt/airflow/dags/replication_dag.py took 0.662 seconds
[2026-03-08T12:51:17.395+0000] {processor.py:157} INFO - Started process (PID=1071) to work on /opt/airflow/dags/replication_dag.py
[2026-03-08T12:51:17.398+0000] {processor.py:829} INFO - Processing file /opt/airflow/dags/replication_dag.py for tasks to queue
[2026-03-08T12:51:17.403+0000] {logging_mixin.py:151} INFO - [2026-03-08T12:51:17.402+0000] {dagbag.py:539} INFO - Filling up the DagBag from /opt/airflow/dags/replication_dag.py
[2026-03-08T12:51:17.440+0000] {processor.py:839} INFO - DAG(s) dict_keys(['mongo_replication']) retrieved from /opt/airflow/dags/replication_dag.py
[2026-03-08T12:51:17.510+0000] {logging_mixin.py:151} INFO - [2026-03-08T12:51:17.509+0000] {dag.py:2915} INFO - Sync 1 DAGs
[2026-03-08T12:51:17.575+0000] {logging_mixin.py:151} INFO - [2026-03-08T12:51:17.575+0000] {dag.py:3696} INFO - Setting next_dagrun for mongo_replication to 2026-03-08T12:50:00+00:00, run_after=2026-03-08T13:00:00+00:00
[2026-03-08T12:51:17.623+0000] {processor.py:179} INFO - Processing /opt/airflow/dags/replication_dag.py took 0.238 seconds
[2026-03-08T12:51:47.853+0000] {processor.py:157} INFO - Started process (PID=1081) to work on /opt/airflow/dags/replication_dag.py
[2026-03-08T12:51:47.855+0000] {processor.py:829} INFO - Processing file /opt/airflow/dags/replication_dag.py for tasks to queue
[2026-03-08T12:51:47.858+0000] {logging_mixin.py:151} INFO - [2026-03-08T12:51:47.858+0000] {dagbag.py:539} INFO - Filling up the DagBag from /opt/airflow/dags/replication_dag.py
[2026-03-08T12:51:47.875+0000] {processor.py:839} INFO - DAG(s) dict_keys(['mongo_replication']) retrieved from /opt/airflow/dags/replication_dag.py
[2026-03-08T12:51:47.916+0000] {logging_mixin.py:151} INFO - [2026-03-08T12:51:47.916+0000] {dag.py:2915} INFO - Sync 1 DAGs
[2026-03-08T12:51:47.949+0000] {logging_mixin.py:151} INFO - [2026-03-08T12:51:47.948+0000] {dag.py:3696} INFO - Setting next_dagrun for mongo_replication to 2026-03-08T12:50:00+00:00, run_after=2026-03-08T13:00:00+00:00
[2026-03-08T12:51:47.975+0000] {processor.py:179} INFO - Processing /opt/airflow/dags/replication_dag.py took 0.126 seconds
[2026-03-08T12:53:20.492+0000] {processor.py:157} INFO - Started process (PID=159) to work on /opt/airflow/dags/replication_dag.py
[2026-03-08T12:53:20.500+0000] {processor.py:829} INFO - Processing file /opt/airflow/dags/replication_dag.py for tasks to queue
[2026-03-08T12:53:20.538+0000] {logging_mixin.py:151} INFO - [2026-03-08T12:53:20.529+0000] {dagbag.py:539} INFO - Filling up the DagBag from /opt/airflow/dags/replication_dag.py
[2026-03-08T12:53:20.696+0000] {processor.py:839} INFO - DAG(s) dict_keys(['mongo_replication']) retrieved from /opt/airflow/dags/replication_dag.py
[2026-03-08T12:53:20.802+0000] {logging_mixin.py:151} INFO - [2026-03-08T12:53:20.801+0000] {dag.py:2915} INFO - Sync 1 DAGs
[2026-03-08T12:53:20.977+0000] {logging_mixin.py:151} INFO - [2026-03-08T12:53:20.976+0000] {dag.py:3696} INFO - Setting next_dagrun for mongo_replication to 2026-03-08T12:50:00+00:00, run_after=2026-03-08T13:00:00+00:00
[2026-03-08T12:53:21.079+0000] {processor.py:179} INFO - Processing /opt/airflow/dags/replication_dag.py took 0.612 seconds
[2026-03-08T12:53:51.955+0000] {processor.py:157} INFO - Started process (PID=169) to work on /opt/airflow/dags/replication_dag.py
[2026-03-08T12:53:51.969+0000] {processor.py:829} INFO - Processing file /opt/airflow/dags/replication_dag.py for tasks to queue
[2026-03-08T12:53:51.978+0000] {logging_mixin.py:151} INFO - [2026-03-08T12:53:51.977+0000] {dagbag.py:539} INFO - Filling up the DagBag from /opt/airflow/dags/replication_dag.py
[2026-03-08T12:53:52.089+0000] {processor.py:839} INFO - DAG(s) dict_keys(['mongo_replication']) retrieved from /opt/airflow/dags/replication_dag.py
[2026-03-08T12:53:52.332+0000] {logging_mixin.py:151} INFO - [2026-03-08T12:53:52.329+0000] {dag.py:2915} INFO - Sync 1 DAGs
[2026-03-08T12:53:52.521+0000] {logging_mixin.py:151} INFO - [2026-03-08T12:53:52.519+0000] {dag.py:3696} INFO - Setting next_dagrun for mongo_replication to 2026-03-08T12:50:00+00:00, run_after=2026-03-08T13:00:00+00:00
[2026-03-08T12:53:52.628+0000] {processor.py:179} INFO - Processing /opt/airflow/dags/replication_dag.py took 0.685 seconds
[2026-03-08T12:54:23.045+0000] {processor.py:157} INFO - Started process (PID=179) to work on /opt/airflow/dags/replication_dag.py
[2026-03-08T12:54:23.077+0000] {processor.py:829} INFO - Processing file /opt/airflow/dags/replication_dag.py for tasks to queue
[2026-03-08T12:54:23.178+0000] {logging_mixin.py:151} INFO - [2026-03-08T12:54:23.140+0000] {dagbag.py:539} INFO - Filling up the DagBag from /opt/airflow/dags/replication_dag.py
[2026-03-08T12:54:23.599+0000] {processor.py:839} INFO - DAG(s) dict_keys(['mongo_replication']) retrieved from /opt/airflow/dags/replication_dag.py
[2026-03-08T12:54:24.241+0000] {logging_mixin.py:151} INFO - [2026-03-08T12:54:24.235+0000] {dag.py:2915} INFO - Sync 1 DAGs
[2026-03-08T12:54:24.731+0000] {logging_mixin.py:151} INFO - [2026-03-08T12:54:24.730+0000] {dag.py:3696} INFO - Setting next_dagrun for mongo_replication to 2026-03-08T12:50:00+00:00, run_after=2026-03-08T13:00:00+00:00
[2026-03-08T12:54:25.082+0000] {processor.py:179} INFO - Processing /opt/airflow/dags/replication_dag.py took 2.113 seconds
[2026-03-08T12:54:55.971+0000] {processor.py:157} INFO - Started process (PID=189) to work on /opt/airflow/dags/replication_dag.py
[2026-03-08T12:54:55.982+0000] {processor.py:829} INFO - Processing file /opt/airflow/dags/replication_dag.py for tasks to queue
[2026-03-08T12:54:55.997+0000] {logging_mixin.py:151} INFO - [2026-03-08T12:54:55.996+0000] {dagbag.py:539} INFO - Filling up the DagBag from /opt/airflow/dags/replication_dag.py
[2026-03-08T12:54:56.028+0000] {processor.py:839} INFO - DAG(s) dict_keys(['mongo_replication']) retrieved from /opt/airflow/dags/replication_dag.py
[2026-03-08T12:54:56.108+0000] {logging_mixin.py:151} INFO - [2026-03-08T12:54:56.108+0000] {dag.py:2915} INFO - Sync 1 DAGs
[2026-03-08T12:54:56.168+0000] {logging_mixin.py:151} INFO - [2026-03-08T12:54:56.167+0000] {dag.py:3696} INFO - Setting next_dagrun for mongo_replication to 2026-03-08T12:50:00+00:00, run_after=2026-03-08T13:00:00+00:00
[2026-03-08T12:54:56.204+0000] {processor.py:179} INFO - Processing /opt/airflow/dags/replication_dag.py took 0.249 seconds
[2026-03-08T12:55:27.287+0000] {processor.py:157} INFO - Started process (PID=200) to work on /opt/airflow/dags/replication_dag.py
[2026-03-08T12:55:27.306+0000] {processor.py:829} INFO - Processing file /opt/airflow/dags/replication_dag.py for tasks to queue
[2026-03-08T12:55:27.351+0000] {logging_mixin.py:151} INFO - [2026-03-08T12:55:27.347+0000] {dagbag.py:539} INFO - Filling up the DagBag from /opt/airflow/dags/replication_dag.py
[2026-03-08T12:55:27.587+0000] {processor.py:839} INFO - DAG(s) dict_keys(['mongo_replication']) retrieved from /opt/airflow/dags/replication_dag.py
[2026-03-08T12:55:28.113+0000] {logging_mixin.py:151} INFO - [2026-03-08T12:55:28.109+0000] {dag.py:2915} INFO - Sync 1 DAGs
[2026-03-08T12:55:28.320+0000] {logging_mixin.py:151} INFO - [2026-03-08T12:55:28.319+0000] {dag.py:3696} INFO - Setting next_dagrun for mongo_replication to 2026-03-08T12:50:00+00:00, run_after=2026-03-08T13:00:00+00:00
[2026-03-08T12:55:28.426+0000] {processor.py:179} INFO - Processing /opt/airflow/dags/replication_dag.py took 1.213 seconds
[2026-03-08T12:55:59.008+0000] {processor.py:157} INFO - Started process (PID=216) to work on /opt/airflow/dags/replication_dag.py
[2026-03-08T12:55:59.019+0000] {processor.py:829} INFO - Processing file /opt/airflow/dags/replication_dag.py for tasks to queue
[2026-03-08T12:55:59.038+0000] {logging_mixin.py:151} INFO - [2026-03-08T12:55:59.037+0000] {dagbag.py:539} INFO - Filling up the DagBag from /opt/airflow/dags/replication_dag.py
[2026-03-08T12:55:59.213+0000] {processor.py:839} INFO - DAG(s) dict_keys(['mongo_replication']) retrieved from /opt/airflow/dags/replication_dag.py
[2026-03-08T12:55:59.328+0000] {logging_mixin.py:151} INFO - [2026-03-08T12:55:59.324+0000] {dag.py:2915} INFO - Sync 1 DAGs
[2026-03-08T12:55:59.379+0000] {logging_mixin.py:151} INFO - [2026-03-08T12:55:59.379+0000] {dag.py:3696} INFO - Setting next_dagrun for mongo_replication to 2026-03-08T12:50:00+00:00, run_after=2026-03-08T13:00:00+00:00
[2026-03-08T12:55:59.422+0000] {processor.py:179} INFO - Processing /opt/airflow/dags/replication_dag.py took 0.439 seconds
[2026-03-08T12:56:30.028+0000] {processor.py:157} INFO - Started process (PID=226) to work on /opt/airflow/dags/replication_dag.py
[2026-03-08T12:56:30.031+0000] {processor.py:829} INFO - Processing file /opt/airflow/dags/replication_dag.py for tasks to queue
[2026-03-08T12:56:30.036+0000] {logging_mixin.py:151} INFO - [2026-03-08T12:56:30.036+0000] {dagbag.py:539} INFO - Filling up the DagBag from /opt/airflow/dags/replication_dag.py
[2026-03-08T12:56:30.069+0000] {processor.py:839} INFO - DAG(s) dict_keys(['mongo_replication']) retrieved from /opt/airflow/dags/replication_dag.py
[2026-03-08T12:56:30.142+0000] {logging_mixin.py:151} INFO - [2026-03-08T12:56:30.141+0000] {dag.py:2915} INFO - Sync 1 DAGs
[2026-03-08T12:56:30.185+0000] {logging_mixin.py:151} INFO - [2026-03-08T12:56:30.185+0000] {dag.py:3696} INFO - Setting next_dagrun for mongo_replication to 2026-03-08T12:50:00+00:00, run_after=2026-03-08T13:00:00+00:00
[2026-03-08T12:56:30.227+0000] {processor.py:179} INFO - Processing /opt/airflow/dags/replication_dag.py took 0.209 seconds
[2026-03-08T14:32:59.747+0000] {processor.py:157} INFO - Started process (PID=237) to work on /opt/airflow/dags/replication_dag.py
[2026-03-08T14:32:59.751+0000] {processor.py:829} INFO - Processing file /opt/airflow/dags/replication_dag.py for tasks to queue
[2026-03-08T14:32:59.776+0000] {logging_mixin.py:151} INFO - [2026-03-08T14:32:59.773+0000] {dagbag.py:539} INFO - Filling up the DagBag from /opt/airflow/dags/replication_dag.py
[2026-03-08T14:32:59.869+0000] {processor.py:839} INFO - DAG(s) dict_keys(['mongo_replication']) retrieved from /opt/airflow/dags/replication_dag.py
[2026-03-08T14:33:00.557+0000] {logging_mixin.py:151} INFO - [2026-03-08T14:33:00.556+0000] {dag.py:2915} INFO - Sync 1 DAGs
[2026-03-08T14:33:00.974+0000] {logging_mixin.py:151} INFO - [2026-03-08T14:33:00.973+0000] {dag.py:3696} INFO - Setting next_dagrun for mongo_replication to 2026-03-08T14:30:00+00:00, run_after=2026-03-08T14:40:00+00:00
[2026-03-08T14:33:01.260+0000] {processor.py:179} INFO - Processing /opt/airflow/dags/replication_dag.py took 1.613 seconds
[2026-03-08T14:53:34.680+0000] {processor.py:157} INFO - Started process (PID=251) to work on /opt/airflow/dags/replication_dag.py
[2026-03-08T14:53:34.694+0000] {processor.py:829} INFO - Processing file /opt/airflow/dags/replication_dag.py for tasks to queue
[2026-03-08T14:53:34.803+0000] {logging_mixin.py:151} INFO - [2026-03-08T14:53:34.802+0000] {dagbag.py:539} INFO - Filling up the DagBag from /opt/airflow/dags/replication_dag.py
[2026-03-08T14:53:36.845+0000] {processor.py:839} INFO - DAG(s) dict_keys(['mongo_replication']) retrieved from /opt/airflow/dags/replication_dag.py
[2026-03-08T14:53:38.421+0000] {logging_mixin.py:151} INFO - [2026-03-08T14:53:38.405+0000] {dag.py:2915} INFO - Sync 1 DAGs
[2026-03-08T14:53:39.577+0000] {logging_mixin.py:151} INFO - [2026-03-08T14:53:39.576+0000] {dag.py:3696} INFO - Setting next_dagrun for mongo_replication to 2026-03-08T14:50:00+00:00, run_after=2026-03-08T15:00:00+00:00
[2026-03-08T14:53:40.369+0000] {processor.py:179} INFO - Processing /opt/airflow/dags/replication_dag.py took 7.358 seconds
[2026-03-08T14:54:11.447+0000] {processor.py:157} INFO - Started process (PID=282) to work on /opt/airflow/dags/replication_dag.py
[2026-03-08T14:54:11.449+0000] {processor.py:829} INFO - Processing file /opt/airflow/dags/replication_dag.py for tasks to queue
[2026-03-08T14:54:11.453+0000] {logging_mixin.py:151} INFO - [2026-03-08T14:54:11.453+0000] {dagbag.py:539} INFO - Filling up the DagBag from /opt/airflow/dags/replication_dag.py
[2026-03-08T14:54:11.478+0000] {processor.py:839} INFO - DAG(s) dict_keys(['mongo_replication']) retrieved from /opt/airflow/dags/replication_dag.py
[2026-03-08T14:54:11.556+0000] {logging_mixin.py:151} INFO - [2026-03-08T14:54:11.555+0000] {dag.py:2915} INFO - Sync 1 DAGs
[2026-03-08T14:54:11.611+0000] {logging_mixin.py:151} INFO - [2026-03-08T14:54:11.611+0000] {dag.py:3696} INFO - Setting next_dagrun for mongo_replication to 2026-03-08T14:50:00+00:00, run_after=2026-03-08T15:00:00+00:00
[2026-03-08T14:54:11.654+0000] {processor.py:179} INFO - Processing /opt/airflow/dags/replication_dag.py took 0.213 seconds
[2026-03-08T14:54:42.014+0000] {processor.py:157} INFO - Started process (PID=292) to work on /opt/airflow/dags/replication_dag.py
[2026-03-08T14:54:42.015+0000] {processor.py:829} INFO - Processing file /opt/airflow/dags/replication_dag.py for tasks to queue
[2026-03-08T14:54:42.023+0000] {logging_mixin.py:151} INFO - [2026-03-08T14:54:42.022+0000] {dagbag.py:539} INFO - Filling up the DagBag from /opt/airflow/dags/replication_dag.py
[2026-03-08T14:54:42.049+0000] {processor.py:839} INFO - DAG(s) dict_keys(['mongo_replication']) retrieved from /opt/airflow/dags/replication_dag.py
[2026-03-08T14:54:42.112+0000] {logging_mixin.py:151} INFO - [2026-03-08T14:54:42.111+0000] {dag.py:2915} INFO - Sync 1 DAGs
[2026-03-08T14:54:42.164+0000] {logging_mixin.py:151} INFO - [2026-03-08T14:54:42.164+0000] {dag.py:3696} INFO - Setting next_dagrun for mongo_replication to 2026-03-08T14:50:00+00:00, run_after=2026-03-08T15:00:00+00:00
[2026-03-08T14:54:42.200+0000] {processor.py:179} INFO - Processing /opt/airflow/dags/replication_dag.py took 0.194 seconds
[2026-03-08T14:55:12.518+0000] {processor.py:157} INFO - Started process (PID=302) to work on /opt/airflow/dags/replication_dag.py
[2026-03-08T14:55:12.522+0000] {processor.py:829} INFO - Processing file /opt/airflow/dags/replication_dag.py for tasks to queue
[2026-03-08T14:55:12.528+0000] {logging_mixin.py:151} INFO - [2026-03-08T14:55:12.528+0000] {dagbag.py:539} INFO - Filling up the DagBag from /opt/airflow/dags/replication_dag.py
[2026-03-08T14:55:12.568+0000] {processor.py:839} INFO - DAG(s) dict_keys(['mongo_replication']) retrieved from /opt/airflow/dags/replication_dag.py
[2026-03-08T14:55:12.635+0000] {logging_mixin.py:151} INFO - [2026-03-08T14:55:12.635+0000] {dag.py:2915} INFO - Sync 1 DAGs
[2026-03-08T14:55:12.679+0000] {logging_mixin.py:151} INFO - [2026-03-08T14:55:12.678+0000] {dag.py:3696} INFO - Setting next_dagrun for mongo_replication to 2026-03-08T14:50:00+00:00, run_after=2026-03-08T15:00:00+00:00
[2026-03-08T14:55:12.717+0000] {processor.py:179} INFO - Processing /opt/airflow/dags/replication_dag.py took 0.210 seconds
[2026-03-08T14:55:42.815+0000] {processor.py:157} INFO - Started process (PID=312) to work on /opt/airflow/dags/replication_dag.py
[2026-03-08T14:55:42.817+0000] {processor.py:829} INFO - Processing file /opt/airflow/dags/replication_dag.py for tasks to queue
[2026-03-08T14:55:42.821+0000] {logging_mixin.py:151} INFO - [2026-03-08T14:55:42.821+0000] {dagbag.py:539} INFO - Filling up the DagBag from /opt/airflow/dags/replication_dag.py
[2026-03-08T14:55:42.845+0000] {processor.py:839} INFO - DAG(s) dict_keys(['mongo_replication']) retrieved from /opt/airflow/dags/replication_dag.py
[2026-03-08T14:55:42.908+0000] {logging_mixin.py:151} INFO - [2026-03-08T14:55:42.907+0000] {dag.py:2915} INFO - Sync 1 DAGs
[2026-03-08T14:55:42.948+0000] {logging_mixin.py:151} INFO - [2026-03-08T14:55:42.948+0000] {dag.py:3696} INFO - Setting next_dagrun for mongo_replication to 2026-03-08T14:50:00+00:00, run_after=2026-03-08T15:00:00+00:00
[2026-03-08T14:55:42.982+0000] {processor.py:179} INFO - Processing /opt/airflow/dags/replication_dag.py took 0.178 seconds
[2026-03-08T14:56:13.335+0000] {processor.py:157} INFO - Started process (PID=322) to work on /opt/airflow/dags/replication_dag.py
[2026-03-08T14:56:13.340+0000] {processor.py:829} INFO - Processing file /opt/airflow/dags/replication_dag.py for tasks to queue
[2026-03-08T14:56:13.344+0000] {logging_mixin.py:151} INFO - [2026-03-08T14:56:13.343+0000] {dagbag.py:539} INFO - Filling up the DagBag from /opt/airflow/dags/replication_dag.py
[2026-03-08T14:56:13.370+0000] {processor.py:839} INFO - DAG(s) dict_keys(['mongo_replication']) retrieved from /opt/airflow/dags/replication_dag.py
[2026-03-08T14:56:13.426+0000] {logging_mixin.py:151} INFO - [2026-03-08T14:56:13.425+0000] {dag.py:2915} INFO - Sync 1 DAGs
[2026-03-08T14:56:13.464+0000] {logging_mixin.py:151} INFO - [2026-03-08T14:56:13.464+0000] {dag.py:3696} INFO - Setting next_dagrun for mongo_replication to 2026-03-08T14:50:00+00:00, run_after=2026-03-08T15:00:00+00:00
[2026-03-08T14:56:13.504+0000] {processor.py:179} INFO - Processing /opt/airflow/dags/replication_dag.py took 0.176 seconds
[2026-03-08T14:56:43.630+0000] {processor.py:157} INFO - Started process (PID=332) to work on /opt/airflow/dags/replication_dag.py
[2026-03-08T14:56:43.633+0000] {processor.py:829} INFO - Processing file /opt/airflow/dags/replication_dag.py for tasks to queue
[2026-03-08T14:56:43.637+0000] {logging_mixin.py:151} INFO - [2026-03-08T14:56:43.637+0000] {dagbag.py:539} INFO - Filling up the DagBag from /opt/airflow/dags/replication_dag.py
[2026-03-08T14:56:43.664+0000] {processor.py:839} INFO - DAG(s) dict_keys(['mongo_replication']) retrieved from /opt/airflow/dags/replication_dag.py
[2026-03-08T14:56:43.720+0000] {logging_mixin.py:151} INFO - [2026-03-08T14:56:43.720+0000] {dag.py:2915} INFO - Sync 1 DAGs
[2026-03-08T14:56:43.763+0000] {logging_mixin.py:151} INFO - [2026-03-08T14:56:43.763+0000] {dag.py:3696} INFO - Setting next_dagrun for mongo_replication to 2026-03-08T14:50:00+00:00, run_after=2026-03-08T15:00:00+00:00
[2026-03-08T14:56:43.799+0000] {processor.py:179} INFO - Processing /opt/airflow/dags/replication_dag.py took 0.176 seconds
[2026-03-08T14:57:14.045+0000] {processor.py:157} INFO - Started process (PID=342) to work on /opt/airflow/dags/replication_dag.py
[2026-03-08T14:57:14.047+0000] {processor.py:829} INFO - Processing file /opt/airflow/dags/replication_dag.py for tasks to queue
[2026-03-08T14:57:14.053+0000] {logging_mixin.py:151} INFO - [2026-03-08T14:57:14.052+0000] {dagbag.py:539} INFO - Filling up the DagBag from /opt/airflow/dags/replication_dag.py
[2026-03-08T14:57:14.086+0000] {processor.py:839} INFO - DAG(s) dict_keys(['mongo_replication']) retrieved from /opt/airflow/dags/replication_dag.py
[2026-03-08T14:57:14.152+0000] {logging_mixin.py:151} INFO - [2026-03-08T14:57:14.151+0000] {dag.py:2915} INFO - Sync 1 DAGs
[2026-03-08T14:57:14.212+0000] {logging_mixin.py:151} INFO - [2026-03-08T14:57:14.211+0000] {dag.py:3696} INFO - Setting next_dagrun for mongo_replication to 2026-03-08T14:50:00+00:00, run_after=2026-03-08T15:00:00+00:00
[2026-03-08T14:57:14.250+0000] {processor.py:179} INFO - Processing /opt/airflow/dags/replication_dag.py took 0.212 seconds
[2026-03-08T14:57:44.578+0000] {processor.py:157} INFO - Started process (PID=352) to work on /opt/airflow/dags/replication_dag.py
[2026-03-08T14:57:44.583+0000] {processor.py:829} INFO - Processing file /opt/airflow/dags/replication_dag.py for tasks to queue
[2026-03-08T14:57:44.587+0000] {logging_mixin.py:151} INFO - [2026-03-08T14:57:44.587+0000] {dagbag.py:539} INFO - Filling up the DagBag from /opt/airflow/dags/replication_dag.py
[2026-03-08T14:57:44.611+0000] {processor.py:839} INFO - DAG(s) dict_keys(['mongo_replication']) retrieved from /opt/airflow/dags/replication_dag.py
[2026-03-08T14:57:44.664+0000] {logging_mixin.py:151} INFO - [2026-03-08T14:57:44.663+0000] {dag.py:2915} INFO - Sync 1 DAGs
[2026-03-08T14:57:44.706+0000] {logging_mixin.py:151} INFO - [2026-03-08T14:57:44.706+0000] {dag.py:3696} INFO - Setting next_dagrun for mongo_replication to 2026-03-08T14:50:00+00:00, run_after=2026-03-08T15:00:00+00:00
[2026-03-08T14:57:44.739+0000] {processor.py:179} INFO - Processing /opt/airflow/dags/replication_dag.py took 0.169 seconds
[2026-03-08T14:58:15.046+0000] {processor.py:157} INFO - Started process (PID=362) to work on /opt/airflow/dags/replication_dag.py
[2026-03-08T14:58:15.048+0000] {processor.py:829} INFO - Processing file /opt/airflow/dags/replication_dag.py for tasks to queue
[2026-03-08T14:58:15.053+0000] {logging_mixin.py:151} INFO - [2026-03-08T14:58:15.052+0000] {dagbag.py:539} INFO - Filling up the DagBag from /opt/airflow/dags/replication_dag.py
[2026-03-08T14:58:15.078+0000] {processor.py:839} INFO - DAG(s) dict_keys(['mongo_replication']) retrieved from /opt/airflow/dags/replication_dag.py
[2026-03-08T14:58:15.133+0000] {logging_mixin.py:151} INFO - [2026-03-08T14:58:15.132+0000] {dag.py:2915} INFO - Sync 1 DAGs
[2026-03-08T14:58:15.183+0000] {logging_mixin.py:151} INFO - [2026-03-08T14:58:15.183+0000] {dag.py:3696} INFO - Setting next_dagrun for mongo_replication to 2026-03-08T14:50:00+00:00, run_after=2026-03-08T15:00:00+00:00
[2026-03-08T14:58:15.216+0000] {processor.py:179} INFO - Processing /opt/airflow/dags/replication_dag.py took 0.177 seconds
[2026-03-08T14:58:45.616+0000] {processor.py:157} INFO - Started process (PID=372) to work on /opt/airflow/dags/replication_dag.py
[2026-03-08T14:58:45.621+0000] {processor.py:829} INFO - Processing file /opt/airflow/dags/replication_dag.py for tasks to queue
[2026-03-08T14:58:45.626+0000] {logging_mixin.py:151} INFO - [2026-03-08T14:58:45.625+0000] {dagbag.py:539} INFO - Filling up the DagBag from /opt/airflow/dags/replication_dag.py
[2026-03-08T14:58:45.651+0000] {processor.py:839} INFO - DAG(s) dict_keys(['mongo_replication']) retrieved from /opt/airflow/dags/replication_dag.py
[2026-03-08T14:58:45.704+0000] {logging_mixin.py:151} INFO - [2026-03-08T14:58:45.703+0000] {dag.py:2915} INFO - Sync 1 DAGs
[2026-03-08T14:58:45.745+0000] {logging_mixin.py:151} INFO - [2026-03-08T14:58:45.745+0000] {dag.py:3696} INFO - Setting next_dagrun for mongo_replication to 2026-03-08T14:50:00+00:00, run_after=2026-03-08T15:00:00+00:00
[2026-03-08T14:58:45.782+0000] {processor.py:179} INFO - Processing /opt/airflow/dags/replication_dag.py took 0.173 seconds
[2026-03-08T14:59:15.910+0000] {processor.py:157} INFO - Started process (PID=382) to work on /opt/airflow/dags/replication_dag.py
[2026-03-08T14:59:15.912+0000] {processor.py:829} INFO - Processing file /opt/airflow/dags/replication_dag.py for tasks to queue
[2026-03-08T14:59:15.915+0000] {logging_mixin.py:151} INFO - [2026-03-08T14:59:15.915+0000] {dagbag.py:539} INFO - Filling up the DagBag from /opt/airflow/dags/replication_dag.py
[2026-03-08T14:59:15.941+0000] {processor.py:839} INFO - DAG(s) dict_keys(['mongo_replication']) retrieved from /opt/airflow/dags/replication_dag.py
[2026-03-08T14:59:15.994+0000] {logging_mixin.py:151} INFO - [2026-03-08T14:59:15.993+0000] {dag.py:2915} INFO - Sync 1 DAGs
[2026-03-08T14:59:16.044+0000] {logging_mixin.py:151} INFO - [2026-03-08T14:59:16.043+0000] {dag.py:3696} INFO - Setting next_dagrun for mongo_replication to 2026-03-08T14:50:00+00:00, run_after=2026-03-08T15:00:00+00:00
[2026-03-08T14:59:16.087+0000] {processor.py:179} INFO - Processing /opt/airflow/dags/replication_dag.py took 0.182 seconds
[2026-03-08T14:59:46.290+0000] {processor.py:157} INFO - Started process (PID=392) to work on /opt/airflow/dags/replication_dag.py
[2026-03-08T14:59:46.292+0000] {processor.py:829} INFO - Processing file /opt/airflow/dags/replication_dag.py for tasks to queue
[2026-03-08T14:59:46.295+0000] {logging_mixin.py:151} INFO - [2026-03-08T14:59:46.294+0000] {dagbag.py:539} INFO - Filling up the DagBag from /opt/airflow/dags/replication_dag.py
[2026-03-08T14:59:46.315+0000] {processor.py:839} INFO - DAG(s) dict_keys(['mongo_replication']) retrieved from /opt/airflow/dags/replication_dag.py
[2026-03-08T14:59:46.377+0000] {logging_mixin.py:151} INFO - [2026-03-08T14:59:46.377+0000] {dag.py:2915} INFO - Sync 1 DAGs
[2026-03-08T14:59:46.412+0000] {logging_mixin.py:151} INFO - [2026-03-08T14:59:46.412+0000] {dag.py:3696} INFO - Setting next_dagrun for mongo_replication to 2026-03-08T14:50:00+00:00, run_after=2026-03-08T15:00:00+00:00
[2026-03-08T14:59:46.448+0000] {processor.py:179} INFO - Processing /opt/airflow/dags/replication_dag.py took 0.163 seconds
[2026-03-08T15:00:16.744+0000] {processor.py:157} INFO - Started process (PID=407) to work on /opt/airflow/dags/replication_dag.py
[2026-03-08T15:00:16.749+0000] {processor.py:829} INFO - Processing file /opt/airflow/dags/replication_dag.py for tasks to queue
[2026-03-08T15:00:16.754+0000] {logging_mixin.py:151} INFO - [2026-03-08T15:00:16.754+0000] {dagbag.py:539} INFO - Filling up the DagBag from /opt/airflow/dags/replication_dag.py
[2026-03-08T15:00:16.775+0000] {processor.py:839} INFO - DAG(s) dict_keys(['mongo_replication']) retrieved from /opt/airflow/dags/replication_dag.py
[2026-03-08T15:00:16.828+0000] {logging_mixin.py:151} INFO - [2026-03-08T15:00:16.827+0000] {dag.py:2915} INFO - Sync 1 DAGs
[2026-03-08T15:00:16.868+0000] {logging_mixin.py:151} INFO - [2026-03-08T15:00:16.868+0000] {dag.py:3696} INFO - Setting next_dagrun for mongo_replication to 2026-03-08T15:00:00+00:00, run_after=2026-03-08T15:10:00+00:00
[2026-03-08T15:00:16.906+0000] {processor.py:179} INFO - Processing /opt/airflow/dags/replication_dag.py took 0.168 seconds
[2026-03-08T15:00:47.035+0000] {processor.py:157} INFO - Started process (PID=417) to work on /opt/airflow/dags/replication_dag.py
[2026-03-08T15:00:47.038+0000] {processor.py:829} INFO - Processing file /opt/airflow/dags/replication_dag.py for tasks to queue
[2026-03-08T15:00:47.043+0000] {logging_mixin.py:151} INFO - [2026-03-08T15:00:47.042+0000] {dagbag.py:539} INFO - Filling up the DagBag from /opt/airflow/dags/replication_dag.py
[2026-03-08T15:00:47.084+0000] {processor.py:839} INFO - DAG(s) dict_keys(['mongo_replication']) retrieved from /opt/airflow/dags/replication_dag.py
[2026-03-08T15:00:47.181+0000] {logging_mixin.py:151} INFO - [2026-03-08T15:00:47.180+0000] {dag.py:2915} INFO - Sync 1 DAGs
[2026-03-08T15:00:47.277+0000] {logging_mixin.py:151} INFO - [2026-03-08T15:00:47.276+0000] {dag.py:3696} INFO - Setting next_dagrun for mongo_replication to 2026-03-08T15:00:00+00:00, run_after=2026-03-08T15:10:00+00:00
[2026-03-08T15:00:47.353+0000] {processor.py:179} INFO - Processing /opt/airflow/dags/replication_dag.py took 0.324 seconds
[2026-03-08T15:01:17.475+0000] {processor.py:157} INFO - Started process (PID=427) to work on /opt/airflow/dags/replication_dag.py
[2026-03-08T15:01:17.479+0000] {processor.py:829} INFO - Processing file /opt/airflow/dags/replication_dag.py for tasks to queue
[2026-03-08T15:01:17.483+0000] {logging_mixin.py:151} INFO - [2026-03-08T15:01:17.482+0000] {dagbag.py:539} INFO - Filling up the DagBag from /opt/airflow/dags/replication_dag.py
[2026-03-08T15:01:17.519+0000] {processor.py:839} INFO - DAG(s) dict_keys(['mongo_replication']) retrieved from /opt/airflow/dags/replication_dag.py
[2026-03-08T15:01:17.579+0000] {logging_mixin.py:151} INFO - [2026-03-08T15:01:17.578+0000] {dag.py:2915} INFO - Sync 1 DAGs
[2026-03-08T15:01:17.621+0000] {logging_mixin.py:151} INFO - [2026-03-08T15:01:17.621+0000] {dag.py:3696} INFO - Setting next_dagrun for mongo_replication to 2026-03-08T15:00:00+00:00, run_after=2026-03-08T15:10:00+00:00
[2026-03-08T15:01:17.656+0000] {processor.py:179} INFO - Processing /opt/airflow/dags/replication_dag.py took 0.189 seconds
[2026-03-08T15:01:47.938+0000] {processor.py:157} INFO - Started process (PID=437) to work on /opt/airflow/dags/replication_dag.py
[2026-03-08T15:01:47.942+0000] {processor.py:829} INFO - Processing file /opt/airflow/dags/replication_dag.py for tasks to queue
[2026-03-08T15:01:47.947+0000] {logging_mixin.py:151} INFO - [2026-03-08T15:01:47.946+0000] {dagbag.py:539} INFO - Filling up the DagBag from /opt/airflow/dags/replication_dag.py
[2026-03-08T15:01:47.970+0000] {processor.py:839} INFO - DAG(s) dict_keys(['mongo_replication']) retrieved from /opt/airflow/dags/replication_dag.py
[2026-03-08T15:01:48.024+0000] {logging_mixin.py:151} INFO - [2026-03-08T15:01:48.023+0000] {dag.py:2915} INFO - Sync 1 DAGs
[2026-03-08T15:01:48.063+0000] {logging_mixin.py:151} INFO - [2026-03-08T15:01:48.063+0000] {dag.py:3696} INFO - Setting next_dagrun for mongo_replication to 2026-03-08T15:00:00+00:00, run_after=2026-03-08T15:10:00+00:00
[2026-03-08T15:01:48.102+0000] {processor.py:179} INFO - Processing /opt/airflow/dags/replication_dag.py took 0.171 seconds
[2026-03-08T15:02:18.275+0000] {processor.py:157} INFO - Started process (PID=447) to work on /opt/airflow/dags/replication_dag.py
[2026-03-08T15:02:18.278+0000] {processor.py:829} INFO - Processing file /opt/airflow/dags/replication_dag.py for tasks to queue
[2026-03-08T15:02:18.285+0000] {logging_mixin.py:151} INFO - [2026-03-08T15:02:18.285+0000] {dagbag.py:539} INFO - Filling up the DagBag from /opt/airflow/dags/replication_dag.py
[2026-03-08T15:02:18.314+0000] {processor.py:839} INFO - DAG(s) dict_keys(['mongo_replication']) retrieved from /opt/airflow/dags/replication_dag.py
[2026-03-08T15:02:18.404+0000] {logging_mixin.py:151} INFO - [2026-03-08T15:02:18.403+0000] {dag.py:2915} INFO - Sync 1 DAGs
[2026-03-08T15:02:18.453+0000] {logging_mixin.py:151} INFO - [2026-03-08T15:02:18.453+0000] {dag.py:3696} INFO - Setting next_dagrun for mongo_replication to 2026-03-08T15:00:00+00:00, run_after=2026-03-08T15:10:00+00:00
[2026-03-08T15:02:18.759+0000] {processor.py:179} INFO - Processing /opt/airflow/dags/replication_dag.py took 0.493 seconds
[2026-03-08T15:02:49.058+0000] {processor.py:157} INFO - Started process (PID=457) to work on /opt/airflow/dags/replication_dag.py
[2026-03-08T15:02:49.060+0000] {processor.py:829} INFO - Processing file /opt/airflow/dags/replication_dag.py for tasks to queue
[2026-03-08T15:02:49.066+0000] {logging_mixin.py:151} INFO - [2026-03-08T15:02:49.066+0000] {dagbag.py:539} INFO - Filling up the DagBag from /opt/airflow/dags/replication_dag.py
[2026-03-08T15:02:49.093+0000] {processor.py:839} INFO - DAG(s) dict_keys(['mongo_replication']) retrieved from /opt/airflow/dags/replication_dag.py
[2026-03-08T15:02:49.156+0000] {logging_mixin.py:151} INFO - [2026-03-08T15:02:49.155+0000] {dag.py:2915} INFO - Sync 1 DAGs
[2026-03-08T15:02:49.213+0000] {logging_mixin.py:151} INFO - [2026-03-08T15:02:49.213+0000] {dag.py:3696} INFO - Setting next_dagrun for mongo_replication to 2026-03-08T15:00:00+00:00, run_after=2026-03-08T15:10:00+00:00
[2026-03-08T15:02:49.249+0000] {processor.py:179} INFO - Processing /opt/airflow/dags/replication_dag.py took 0.198 seconds
[2026-03-08T15:03:19.373+0000] {processor.py:157} INFO - Started process (PID=467) to work on /opt/airflow/dags/replication_dag.py
[2026-03-08T15:03:19.378+0000] {processor.py:829} INFO - Processing file /opt/airflow/dags/replication_dag.py for tasks to queue
[2026-03-08T15:03:19.383+0000] {logging_mixin.py:151} INFO - [2026-03-08T15:03:19.382+0000] {dagbag.py:539} INFO - Filling up the DagBag from /opt/airflow/dags/replication_dag.py
[2026-03-08T15:03:19.428+0000] {processor.py:839} INFO - DAG(s) dict_keys(['mongo_replication']) retrieved from /opt/airflow/dags/replication_dag.py
[2026-03-08T15:03:19.757+0000] {logging_mixin.py:151} INFO - [2026-03-08T15:03:19.755+0000] {dag.py:2915} INFO - Sync 1 DAGs
[2026-03-08T15:03:19.865+0000] {logging_mixin.py:151} INFO - [2026-03-08T15:03:19.865+0000] {dag.py:3696} INFO - Setting next_dagrun for mongo_replication to 2026-03-08T15:00:00+00:00, run_after=2026-03-08T15:10:00+00:00
[2026-03-08T15:03:19.936+0000] {processor.py:179} INFO - Processing /opt/airflow/dags/replication_dag.py took 0.571 seconds
[2026-03-08T15:03:50.340+0000] {processor.py:157} INFO - Started process (PID=477) to work on /opt/airflow/dags/replication_dag.py
[2026-03-08T15:03:50.345+0000] {processor.py:829} INFO - Processing file /opt/airflow/dags/replication_dag.py for tasks to queue
[2026-03-08T15:03:50.350+0000] {logging_mixin.py:151} INFO - [2026-03-08T15:03:50.350+0000] {dagbag.py:539} INFO - Filling up the DagBag from /opt/airflow/dags/replication_dag.py
[2026-03-08T15:03:50.383+0000] {processor.py:839} INFO - DAG(s) dict_keys(['mongo_replication']) retrieved from /opt/airflow/dags/replication_dag.py
[2026-03-08T15:03:50.443+0000] {logging_mixin.py:151} INFO - [2026-03-08T15:03:50.443+0000] {dag.py:2915} INFO - Sync 1 DAGs
[2026-03-08T15:03:50.489+0000] {logging_mixin.py:151} INFO - [2026-03-08T15:03:50.489+0000] {dag.py:3696} INFO - Setting next_dagrun for mongo_replication to 2026-03-08T15:00:00+00:00, run_after=2026-03-08T15:10:00+00:00
[2026-03-08T15:03:50.534+0000] {processor.py:179} INFO - Processing /opt/airflow/dags/replication_dag.py took 0.202 seconds
[2026-03-08T15:04:20.602+0000] {processor.py:157} INFO - Started process (PID=487) to work on /opt/airflow/dags/replication_dag.py
[2026-03-08T15:04:20.604+0000] {processor.py:829} INFO - Processing file /opt/airflow/dags/replication_dag.py for tasks to queue
[2026-03-08T15:04:20.609+0000] {logging_mixin.py:151} INFO - [2026-03-08T15:04:20.608+0000] {dagbag.py:539} INFO - Filling up the DagBag from /opt/airflow/dags/replication_dag.py
[2026-03-08T15:04:20.633+0000] {processor.py:839} INFO - DAG(s) dict_keys(['mongo_replication']) retrieved from /opt/airflow/dags/replication_dag.py
[2026-03-08T15:04:20.703+0000] {logging_mixin.py:151} INFO - [2026-03-08T15:04:20.702+0000] {dag.py:2915} INFO - Sync 1 DAGs
[2026-03-08T15:04:20.753+0000] {logging_mixin.py:151} INFO - [2026-03-08T15:04:20.752+0000] {dag.py:3696} INFO - Setting next_dagrun for mongo_replication to 2026-03-08T15:00:00+00:00, run_after=2026-03-08T15:10:00+00:00
[2026-03-08T15:04:20.802+0000] {processor.py:179} INFO - Processing /opt/airflow/dags/replication_dag.py took 0.209 seconds
[2026-03-08T15:04:51.230+0000] {processor.py:157} INFO - Started process (PID=497) to work on /opt/airflow/dags/replication_dag.py
[2026-03-08T15:04:51.233+0000] {processor.py:829} INFO - Processing file /opt/airflow/dags/replication_dag.py for tasks to queue
[2026-03-08T15:04:51.244+0000] {logging_mixin.py:151} INFO - [2026-03-08T15:04:51.243+0000] {dagbag.py:539} INFO - Filling up the DagBag from /opt/airflow/dags/replication_dag.py
[2026-03-08T15:04:51.291+0000] {processor.py:839} INFO - DAG(s) dict_keys(['mongo_replication']) retrieved from /opt/airflow/dags/replication_dag.py
[2026-03-08T15:04:51.376+0000] {logging_mixin.py:151} INFO - [2026-03-08T15:04:51.376+0000] {dag.py:2915} INFO - Sync 1 DAGs
[2026-03-08T15:04:51.418+0000] {logging_mixin.py:151} INFO - [2026-03-08T15:04:51.418+0000] {dag.py:3696} INFO - Setting next_dagrun for mongo_replication to 2026-03-08T15:00:00+00:00, run_after=2026-03-08T15:10:00+00:00
[2026-03-08T15:04:51.457+0000] {processor.py:179} INFO - Processing /opt/airflow/dags/replication_dag.py took 0.247 seconds
[2026-03-08T15:05:21.609+0000] {processor.py:157} INFO - Started process (PID=507) to work on /opt/airflow/dags/replication_dag.py
[2026-03-08T15:05:21.610+0000] {processor.py:829} INFO - Processing file /opt/airflow/dags/replication_dag.py for tasks to queue
[2026-03-08T15:05:21.614+0000] {logging_mixin.py:151} INFO - [2026-03-08T15:05:21.613+0000] {dagbag.py:539} INFO - Filling up the DagBag from /opt/airflow/dags/replication_dag.py
[2026-03-08T15:05:21.644+0000] {processor.py:839} INFO - DAG(s) dict_keys(['mongo_replication']) retrieved from /opt/airflow/dags/replication_dag.py
[2026-03-08T15:05:21.709+0000] {logging_mixin.py:151} INFO - [2026-03-08T15:05:21.708+0000] {dag.py:2915} INFO - Sync 1 DAGs
[2026-03-08T15:05:21.760+0000] {logging_mixin.py:151} INFO - [2026-03-08T15:05:21.760+0000] {dag.py:3696} INFO - Setting next_dagrun for mongo_replication to 2026-03-08T15:00:00+00:00, run_after=2026-03-08T15:10:00+00:00
[2026-03-08T15:05:21.796+0000] {processor.py:179} INFO - Processing /opt/airflow/dags/replication_dag.py took 0.193 seconds
[2026-03-08T15:05:52.142+0000] {processor.py:157} INFO - Started process (PID=517) to work on /opt/airflow/dags/replication_dag.py
[2026-03-08T15:05:52.144+0000] {processor.py:829} INFO - Processing file /opt/airflow/dags/replication_dag.py for tasks to queue
[2026-03-08T15:05:52.157+0000] {logging_mixin.py:151} INFO - [2026-03-08T15:05:52.156+0000] {dagbag.py:539} INFO - Filling up the DagBag from /opt/airflow/dags/replication_dag.py
[2026-03-08T15:05:52.207+0000] {processor.py:839} INFO - DAG(s) dict_keys(['mongo_replication']) retrieved from /opt/airflow/dags/replication_dag.py
[2026-03-08T15:05:52.294+0000] {logging_mixin.py:151} INFO - [2026-03-08T15:05:52.293+0000] {dag.py:2915} INFO - Sync 1 DAGs
[2026-03-08T15:05:52.356+0000] {logging_mixin.py:151} INFO - [2026-03-08T15:05:52.353+0000] {dag.py:3696} INFO - Setting next_dagrun for mongo_replication to 2026-03-08T15:00:00+00:00, run_after=2026-03-08T15:10:00+00:00
[2026-03-08T15:05:52.404+0000] {processor.py:179} INFO - Processing /opt/airflow/dags/replication_dag.py took 0.277 seconds
[2026-03-08T15:06:22.697+0000] {processor.py:157} INFO - Started process (PID=527) to work on /opt/airflow/dags/replication_dag.py
[2026-03-08T15:06:22.700+0000] {processor.py:829} INFO - Processing file /opt/airflow/dags/replication_dag.py for tasks to queue
[2026-03-08T15:06:22.707+0000] {logging_mixin.py:151} INFO - [2026-03-08T15:06:22.707+0000] {dagbag.py:539} INFO - Filling up the DagBag from /opt/airflow/dags/replication_dag.py
[2026-03-08T15:06:22.736+0000] {processor.py:839} INFO - DAG(s) dict_keys(['mongo_replication']) retrieved from /opt/airflow/dags/replication_dag.py
[2026-03-08T15:06:22.803+0000] {logging_mixin.py:151} INFO - [2026-03-08T15:06:22.803+0000] {dag.py:2915} INFO - Sync 1 DAGs
[2026-03-08T15:06:22.853+0000] {logging_mixin.py:151} INFO - [2026-03-08T15:06:22.853+0000] {dag.py:3696} INFO - Setting next_dagrun for mongo_replication to 2026-03-08T15:00:00+00:00, run_after=2026-03-08T15:10:00+00:00
[2026-03-08T15:06:22.901+0000] {processor.py:179} INFO - Processing /opt/airflow/dags/replication_dag.py took 0.213 seconds
[2026-03-08T15:06:53.160+0000] {processor.py:157} INFO - Started process (PID=537) to work on /opt/airflow/dags/replication_dag.py
[2026-03-08T15:06:53.161+0000] {processor.py:829} INFO - Processing file /opt/airflow/dags/replication_dag.py for tasks to queue
[2026-03-08T15:06:53.165+0000] {logging_mixin.py:151} INFO - [2026-03-08T15:06:53.165+0000] {dagbag.py:539} INFO - Filling up the DagBag from /opt/airflow/dags/replication_dag.py
[2026-03-08T15:06:53.195+0000] {processor.py:839} INFO - DAG(s) dict_keys(['mongo_replication']) retrieved from /opt/airflow/dags/replication_dag.py
[2026-03-08T15:06:53.264+0000] {logging_mixin.py:151} INFO - [2026-03-08T15:06:53.263+0000] {dag.py:2915} INFO - Sync 1 DAGs
[2026-03-08T15:06:53.333+0000] {logging_mixin.py:151} INFO - [2026-03-08T15:06:53.333+0000] {dag.py:3696} INFO - Setting next_dagrun for mongo_replication to 2026-03-08T15:00:00+00:00, run_after=2026-03-08T15:10:00+00:00
[2026-03-08T15:06:53.375+0000] {processor.py:179} INFO - Processing /opt/airflow/dags/replication_dag.py took 0.222 seconds
[2026-03-08T15:07:23.471+0000] {processor.py:157} INFO - Started process (PID=547) to work on /opt/airflow/dags/replication_dag.py
[2026-03-08T15:07:23.473+0000] {processor.py:829} INFO - Processing file /opt/airflow/dags/replication_dag.py for tasks to queue
[2026-03-08T15:07:23.477+0000] {logging_mixin.py:151} INFO - [2026-03-08T15:07:23.477+0000] {dagbag.py:539} INFO - Filling up the DagBag from /opt/airflow/dags/replication_dag.py
[2026-03-08T15:07:23.509+0000] {processor.py:839} INFO - DAG(s) dict_keys(['mongo_replication']) retrieved from /opt/airflow/dags/replication_dag.py
[2026-03-08T15:07:23.596+0000] {logging_mixin.py:151} INFO - [2026-03-08T15:07:23.595+0000] {dag.py:2915} INFO - Sync 1 DAGs
[2026-03-08T15:07:23.653+0000] {logging_mixin.py:151} INFO - [2026-03-08T15:07:23.652+0000] {dag.py:3696} INFO - Setting next_dagrun for mongo_replication to 2026-03-08T15:00:00+00:00, run_after=2026-03-08T15:10:00+00:00
[2026-03-08T15:07:23.704+0000] {processor.py:179} INFO - Processing /opt/airflow/dags/replication_dag.py took 0.241 seconds
[2026-03-08T15:07:54.048+0000] {processor.py:157} INFO - Started process (PID=557) to work on /opt/airflow/dags/replication_dag.py
[2026-03-08T15:07:54.051+0000] {processor.py:829} INFO - Processing file /opt/airflow/dags/replication_dag.py for tasks to queue
[2026-03-08T15:07:54.056+0000] {logging_mixin.py:151} INFO - [2026-03-08T15:07:54.055+0000] {dagbag.py:539} INFO - Filling up the DagBag from /opt/airflow/dags/replication_dag.py
[2026-03-08T15:07:54.079+0000] {processor.py:839} INFO - DAG(s) dict_keys(['mongo_replication']) retrieved from /opt/airflow/dags/replication_dag.py
[2026-03-08T15:07:54.141+0000] {logging_mixin.py:151} INFO - [2026-03-08T15:07:54.140+0000] {dag.py:2915} INFO - Sync 1 DAGs
[2026-03-08T15:07:54.188+0000] {logging_mixin.py:151} INFO - [2026-03-08T15:07:54.187+0000] {dag.py:3696} INFO - Setting next_dagrun for mongo_replication to 2026-03-08T15:00:00+00:00, run_after=2026-03-08T15:10:00+00:00
[2026-03-08T15:07:54.221+0000] {processor.py:179} INFO - Processing /opt/airflow/dags/replication_dag.py took 0.180 seconds
[2026-03-08T15:08:24.516+0000] {processor.py:157} INFO - Started process (PID=567) to work on /opt/airflow/dags/replication_dag.py
[2026-03-08T15:08:24.519+0000] {processor.py:829} INFO - Processing file /opt/airflow/dags/replication_dag.py for tasks to queue
[2026-03-08T15:08:24.522+0000] {logging_mixin.py:151} INFO - [2026-03-08T15:08:24.522+0000] {dagbag.py:539} INFO - Filling up the DagBag from /opt/airflow/dags/replication_dag.py
[2026-03-08T15:08:24.549+0000] {processor.py:839} INFO - DAG(s) dict_keys(['mongo_replication']) retrieved from /opt/airflow/dags/replication_dag.py
[2026-03-08T15:08:24.611+0000] {logging_mixin.py:151} INFO - [2026-03-08T15:08:24.610+0000] {dag.py:2915} INFO - Sync 1 DAGs
[2026-03-08T15:08:24.659+0000] {logging_mixin.py:151} INFO - [2026-03-08T15:08:24.658+0000] {dag.py:3696} INFO - Setting next_dagrun for mongo_replication to 2026-03-08T15:00:00+00:00, run_after=2026-03-08T15:10:00+00:00
[2026-03-08T15:08:24.701+0000] {processor.py:179} INFO - Processing /opt/airflow/dags/replication_dag.py took 0.193 seconds
[2026-03-08T15:08:55.073+0000] {processor.py:157} INFO - Started process (PID=577) to work on /opt/airflow/dags/replication_dag.py
[2026-03-08T15:08:55.076+0000] {processor.py:829} INFO - Processing file /opt/airflow/dags/replication_dag.py for tasks to queue
[2026-03-08T15:08:55.083+0000] {logging_mixin.py:151} INFO - [2026-03-08T15:08:55.082+0000] {dagbag.py:539} INFO - Filling up the DagBag from /opt/airflow/dags/replication_dag.py
[2026-03-08T15:08:55.116+0000] {processor.py:839} INFO - DAG(s) dict_keys(['mongo_replication']) retrieved from /opt/airflow/dags/replication_dag.py
[2026-03-08T15:08:55.316+0000] {logging_mixin.py:151} INFO - [2026-03-08T15:08:55.315+0000] {dag.py:2915} INFO - Sync 1 DAGs
[2026-03-08T15:08:55.363+0000] {logging_mixin.py:151} INFO - [2026-03-08T15:08:55.363+0000] {dag.py:3696} INFO - Setting next_dagrun for mongo_replication to 2026-03-08T15:00:00+00:00, run_after=2026-03-08T15:10:00+00:00
[2026-03-08T15:08:55.403+0000] {processor.py:179} INFO - Processing /opt/airflow/dags/replication_dag.py took 0.340 seconds
[2026-03-08T15:09:25.901+0000] {processor.py:157} INFO - Started process (PID=587) to work on /opt/airflow/dags/replication_dag.py
[2026-03-08T15:09:25.902+0000] {processor.py:829} INFO - Processing file /opt/airflow/dags/replication_dag.py for tasks to queue
[2026-03-08T15:09:25.907+0000] {logging_mixin.py:151} INFO - [2026-03-08T15:09:25.906+0000] {dagbag.py:539} INFO - Filling up the DagBag from /opt/airflow/dags/replication_dag.py
[2026-03-08T15:09:25.950+0000] {processor.py:839} INFO - DAG(s) dict_keys(['mongo_replication']) retrieved from /opt/airflow/dags/replication_dag.py
[2026-03-08T15:09:26.085+0000] {logging_mixin.py:151} INFO - [2026-03-08T15:09:26.084+0000] {dag.py:2915} INFO - Sync 1 DAGs
[2026-03-08T15:09:26.199+0000] {logging_mixin.py:151} INFO - [2026-03-08T15:09:26.198+0000] {dag.py:3696} INFO - Setting next_dagrun for mongo_replication to 2026-03-08T15:00:00+00:00, run_after=2026-03-08T15:10:00+00:00
[2026-03-08T15:09:26.290+0000] {processor.py:179} INFO - Processing /opt/airflow/dags/replication_dag.py took 0.402 seconds
[2026-03-08T15:09:57.128+0000] {processor.py:157} INFO - Started process (PID=597) to work on /opt/airflow/dags/replication_dag.py
[2026-03-08T15:09:57.130+0000] {processor.py:829} INFO - Processing file /opt/airflow/dags/replication_dag.py for tasks to queue
[2026-03-08T15:09:57.135+0000] {logging_mixin.py:151} INFO - [2026-03-08T15:09:57.134+0000] {dagbag.py:539} INFO - Filling up the DagBag from /opt/airflow/dags/replication_dag.py
[2026-03-08T15:09:57.166+0000] {processor.py:839} INFO - DAG(s) dict_keys(['mongo_replication']) retrieved from /opt/airflow/dags/replication_dag.py
[2026-03-08T15:09:57.245+0000] {logging_mixin.py:151} INFO - [2026-03-08T15:09:57.244+0000] {dag.py:2915} INFO - Sync 1 DAGs
[2026-03-08T15:09:57.289+0000] {logging_mixin.py:151} INFO - [2026-03-08T15:09:57.289+0000] {dag.py:3696} INFO - Setting next_dagrun for mongo_replication to 2026-03-08T15:00:00+00:00, run_after=2026-03-08T15:10:00+00:00
[2026-03-08T15:09:57.333+0000] {processor.py:179} INFO - Processing /opt/airflow/dags/replication_dag.py took 0.214 seconds
